Navn;Stasjon;Tid(norsk normaltid);Middeltemperatur (døgn);Nedbør (døgn);Høyeste middelvind (døgn)
Bergen - Florida;SN50540;01.01.2021;-1,5;0;2,4
Bergen - Florida;SN50540;02.01.2021;0,7;0;4,5
Bergen - Florida;SN50540;03.01.2021;-2,8;0;2,6
Bergen - Florida;SN50540;04.01.2021;-4,6;0;1,8
Bergen - Florida;SN50540;05.01.2021;-4,1;0;2,5
Bergen - Florida;SN50540;06.01.2021;-5,2;0;3
Bergen - Florida;SN50540;07.01.2021;-1,3;0;5,3
Bergen - Florida;SN50540;08.01.2021;-2,3;0;4,8
Bergen - Florida;SN50540;09.01.2021;1,1;0;9,4
Bergen - Florida;SN50540;10.01.2021;0,4;15,4;10
Bergen - Florida;SN50540;11.01.2021;-2,1;8,4;4,9
Bergen - Florida;SN50540;12.01.2021;-0,7;0,9;11,3
Bergen - Florida;SN50540;13.01.2021;-1,5;3,5;12,4
Bergen - Florida;SN50540;14.01.2021;-4,7;0;2,8
Bergen - Florida;SN50540;15.01.2021;-5,6;0;2
Bergen - Florida;SN50540;16.01.2021;-1,1;0;9,7
Bergen - Florida;SN50540;17.01.2021;2,3;1,2;11,5
Bergen - Florida;SN50540;18.01.2021;3;6,5;7,7
Bergen - Florida;SN50540;19.01.2021;2,5;9;7
Bergen - Florida;SN50540;20.01.2021;3,8;0,1;9,4
Bergen - Florida;SN50540;21.01.2021;6,9;12,7;10,9
Bergen - Florida;SN50540;22.01.2021;3,9;4,9;13,8
Bergen - Florida;SN50540;23.01.2021;2,7;38,7;7
Bergen - Florida;SN50540;24.01.2021;1;3,5;6,6
Bergen - Florida;SN50540;25.01.2021;-1,9;0;3,4
Bergen - Florida;SN50540;26.01.2021;-1;2,3;5
Bergen - Florida;SN50540;27.01.2021;-4,6;0,3;2,3
Bergen - Florida;SN50540;28.01.2021;-3,6;0;4
Bergen - Florida;SN50540;29.01.2021;-1,6;1,3;4,4
Bergen - Florida;SN50540;30.01.2021;-0,4;0,4;5,8
Bergen - Florida;SN50540;31.01.2021;-1,1;3,3;5,1
Bergen - Florida;SN50540;01.02.2021;-5,2;5,5;2,5
Bergen - Florida;SN50540;02.02.2021;-4,9;0;2,8
Bergen - Florida;SN50540;03.02.2021;-6,9;0;2,3
Bergen - Florida;SN50540;04.02.2021;-6;0;2,4
Bergen - Florida;SN50540;05.02.2021;-6,3;0,7;6,1
Bergen - Florida;SN50540;06.02.2021;-6,5;0;5,5
Bergen - Florida;SN50540;07.02.2021;-7,5;0;3,5
Bergen - Florida;SN50540;08.02.2021;-5,6;0;5,4
Bergen - Florida;SN50540;09.02.2021;-5,4;0;7,1
Bergen - Florida;SN50540;10.02.2021;-6,7;0;2,8
Bergen - Florida;SN50540;11.02.2021;-4,9;0;8,6
Bergen - Florida;SN50540;12.02.2021;-7,6;0;2,3
Bergen - Florida;SN50540;13.02.2021;-6;0;3,4
Bergen - Florida;SN50540;14.02.2021;1,8;0;10,5
Bergen - Florida;SN50540;15.02.2021;3,2;0;16,6
Bergen - Florida;SN50540;16.02.2021;4,4;0,3;9
Bergen - Florida;SN50540;17.02.2021;4,7;2,2;7,4
Bergen - Florida;SN50540;18.02.2021;7,3;3,2;13,9
Bergen - Florida;SN50540;19.02.2021;6,3;1,3;14,2
Bergen - Florida;SN50540;20.02.2021;7,9;12,7;10,6
Bergen - Florida;SN50540;21.02.2021;8,8;20,3;11,9
Bergen - Florida;SN50540;22.02.2021;7,8;0;5,9
Bergen - Florida;SN50540;23.02.2021;7,4;21,9;11,3
Bergen - Florida;SN50540;24.02.2021;8,5;26,8;11,6
Bergen - Florida;SN50540;25.02.2021;7,2;4,6;8,2
Bergen - Florida;SN50540;26.02.2021;6,8;13,8;8,6
Bergen - Florida;SN50540;27.02.2021;6,6;4,2;7
Bergen - Florida;SN50540;28.02.2021;6,6;2,4;4
Bergen - Florida;SN50540;01.03.2021;5,8;0,2;5,7
Bergen - Florida;SN50540;02.03.2021;6,2;5,7;3,6
Bergen - Florida;SN50540;03.03.2021;4,9;0;6
Bergen - Florida;SN50540;04.03.2021;2,1;0;8,8
Bergen - Florida;SN50540;05.03.2021;1,7;0,2;7,9
Bergen - Florida;SN50540;06.03.2021;4,4;4,3;7
Bergen - Florida;SN50540;07.03.2021;2,4;5,5;8,6
Bergen - Florida;SN50540;08.03.2021;1,6;0;6,2
Bergen - Florida;SN50540;09.03.2021;2,8;0;3,3
Bergen - Florida;SN50540;10.03.2021;4,6;0;16,5
Bergen - Florida;SN50540;11.03.2021;5,6;6;18,3
Bergen - Florida;SN50540;12.03.2021;4,6;16,5;7,3
Bergen - Florida;SN50540;13.03.2021;3,1;14,6;7,9
Bergen - Florida;SN50540;14.03.2021;3,8;20,6;7,5
Bergen - Florida;SN50540;15.03.2021;4;12,6;9,5
Bergen - Florida;SN50540;16.03.2021;3,3;0;7,2
Bergen - Florida;SN50540;17.03.2021;3,9;0,1;6,1
Bergen - Florida;SN50540;18.03.2021;5,2;0;5,3
Bergen - Florida;SN50540;19.03.2021;4,2;0;8
Bergen - Florida;SN50540;20.03.2021;5,4;1,5;8,7
Bergen - Florida;SN50540;21.03.2021;4,5;7,6;11,3
Bergen - Florida;SN50540;22.03.2021;6,1;2,3;4,1
Bergen - Florida;SN50540;23.03.2021;7,4;11,8;11,2
Bergen - Florida;SN50540;24.03.2021;6,8;4,7;10,6
Bergen - Florida;SN50540;25.03.2021;6,4;10,9;8,2
Bergen - Florida;SN50540;26.03.2021;7,3;8,3;11
Bergen - Florida;SN50540;27.03.2021;5,8;18,5;10,1
Bergen - Florida;SN50540;28.03.2021;6,1;0,4;11,2
Bergen - Florida;SN50540;29.03.2021;8,4;14,1;9,4
Bergen - Florida;SN50540;30.03.2021;8,1;8,4;8,8
Bergen - Florida;SN50540;31.03.2021;6,2;44,3;6
Bergen - Florida;SN50540;01.04.2021;4,8;0;6,8
Bergen - Florida;SN50540;02.04.2021;5,8;1,6;10,2
Bergen - Florida;SN50540;03.04.2021;5,4;0;8,2
Bergen - Florida;SN50540;04.04.2021;4,4;0,7;13,3
Bergen - Florida;SN50540;05.04.2021;1,3;24,8;13,6
Bergen - Florida;SN50540;06.04.2021;2,5;7,3;14,1
Bergen - Florida;SN50540;07.04.2021;3,2;2,7;11,2
Bergen - Florida;SN50540;08.04.2021;1,9;1;9
Bergen - Florida;SN50540;09.04.2021;3,3;23,1;13,7
Bergen - Florida;SN50540;10.04.2021;2,5;9,2;6,4
Bergen - Florida;SN50540;11.04.2021;3,8;2,7;4,6
Bergen - Florida;SN50540;12.04.2021;6,6;0;8
Bergen - Florida;SN50540;13.04.2021;4,8;0;7,7
Bergen - Florida;SN50540;14.04.2021;4,4;0,9;5,2
Bergen - Florida;SN50540;15.04.2021;5,8;1,5;5,1
Bergen - Florida;SN50540;16.04.2021;7,3;0;4,2
Bergen - Florida;SN50540;17.04.2021;8,3;0,1;3,8
Bergen - Florida;SN50540;18.04.2021;10;0;5
Bergen - Florida;SN50540;19.04.2021;11,1;0;6,6
Bergen - Florida;SN50540;20.04.2021;8,6;0;9,3
Bergen - Florida;SN50540;21.04.2021;5,2;9,9;11,7
Bergen - Florida;SN50540;22.04.2021;6,1;1,5;11,8
Bergen - Florida;SN50540;23.04.2021;5,7;0,6;8,2
Bergen - Florida;SN50540;24.04.2021;5,3;0;8,4
Bergen - Florida;SN50540;25.04.2021;5,8;0;9,3
Bergen - Florida;SN50540;26.04.2021;6,4;0;6
Bergen - Florida;SN50540;27.04.2021;7;0;4,8
Bergen - Florida;SN50540;28.04.2021;6,8;0;3,5
Bergen - Florida;SN50540;29.04.2021;7,1;0,3;6,2
Bergen - Florida;SN50540;30.04.2021;7,8;0;5,3
Bergen - Florida;SN50540;01.05.2021;7,2;0;5,2
Bergen - Florida;SN50540;02.05.2021;6,9;0,2;5,4
Bergen - Florida;SN50540;03.05.2021;6,2;0;4,7
Bergen - Florida;SN50540;04.05.2021;8,3;0,8;6,6
Bergen - Florida;SN50540;05.05.2021;10;0;9,5
Bergen - Florida;SN50540;06.05.2021;6,9;0,5;6,7
Bergen - Florida;SN50540;07.05.2021;8,4;0,3;6,7
Bergen - Florida;SN50540;08.05.2021;6,8;0;7,6
Bergen - Florida;SN50540;09.05.2021;10,1;3,5;8,1
Bergen - Florida;SN50540;10.05.2021;12,1;10,5;12,9
Bergen - Florida;SN50540;11.05.2021;13;3,9;12,1
Bergen - Florida;SN50540;12.05.2021;12,9;0;5,4
Bergen - Florida;SN50540;13.05.2021;11,2;0,1;5,2
Bergen - Florida;SN50540;14.05.2021;13,4;0,1;4,2
Bergen - Florida;SN50540;15.05.2021;13,2;0,4;4,3
Bergen - Florida;SN50540;16.05.2021;9,8;2,4;5,5
Bergen - Florida;SN50540;17.05.2021;11,6;1,3;6,9
Bergen - Florida;SN50540;18.05.2021;8,8;1,8;5,7
Bergen - Florida;SN50540;19.05.2021;9,5;5,2;4,2
Bergen - Florida;SN50540;20.05.2021;9,4;0,7;6,1
Bergen - Florida;SN50540;21.05.2021;10,1;0;5,4
Bergen - Florida;SN50540;22.05.2021;12,2;0;4,5
Bergen - Florida;SN50540;23.05.2021;11,8;2,7;4,3
Bergen - Florida;SN50540;24.05.2021;11,3;16,5;6,6
Bergen - Florida;SN50540;25.05.2021;13,4;2,4;8,6
Bergen - Florida;SN50540;26.05.2021;16,4;0,1;8,7
Bergen - Florida;SN50540;27.05.2021;15,9;0;5,3
Bergen - Florida;SN50540;28.05.2021;13,9;0;5,5
Bergen - Florida;SN50540;29.05.2021;13,6;0,1;6,2
Bergen - Florida;SN50540;30.05.2021;13,5;0;4,9
Bergen - Florida;SN50540;31.05.2021;13,1;0;4,7
Bergen - Florida;SN50540;01.06.2021;15,9;0;4,8
Bergen - Florida;SN50540;02.06.2021;18,8;0;5,4
Bergen - Florida;SN50540;03.06.2021;20,2;0;7,8
Bergen - Florida;SN50540;04.06.2021;17,2;0;7,9
Bergen - Florida;SN50540;05.06.2021;17,5;0,4;4,2
Bergen - Florida;SN50540;06.06.2021;16;2,2;4,9
Bergen - Florida;SN50540;07.06.2021;15,6;0;5,1
Bergen - Florida;SN50540;08.06.2021;16,5;0;4,7
Bergen - Florida;SN50540;09.06.2021;16,7;0;7,4
Bergen - Florida;SN50540;10.06.2021;15,8;5,5;6,6
Bergen - Florida;SN50540;11.06.2021;14,9;5,5;8,6
Bergen - Florida;SN50540;12.06.2021;11,9;2,3;6,9
Bergen - Florida;SN50540;13.06.2021;11,6;2,1;10,7
Bergen - Florida;SN50540;14.06.2021;11,3;49;7
Bergen - Florida;SN50540;15.06.2021;10,9;19,1;6,2
Bergen - Florida;SN50540;16.06.2021;13,6;0,9;10,1
Bergen - Florida;SN50540;17.06.2021;15,7;3,7;8,1
Bergen - Florida;SN50540;18.06.2021;13,7;9,3;6,3
Bergen - Florida;SN50540;19.06.2021;13,6;0;5,4
Bergen - Florida;SN50540;20.06.2021;13,3;2,7;4,9
Bergen - Florida;SN50540;21.06.2021;13,2;3,4;7,2
Bergen - Florida;SN50540;22.06.2021;14,4;0,1;6,4
Bergen - Florida;SN50540;23.06.2021;14,3;0;5,5
Bergen - Florida;SN50540;24.06.2021;15,7;0;6
Bergen - Florida;SN50540;25.06.2021;16,8;2,9;4,4
Bergen - Florida;SN50540;26.06.2021;15,3;0;5,4
Bergen - Florida;SN50540;27.06.2021;14,9;0;5,2
Bergen - Florida;SN50540;28.06.2021;14;0;5,4
Bergen - Florida;SN50540;29.06.2021;14,9;0;6
Bergen - Florida;SN50540;30.06.2021;19,7;0;4,6
Bergen - Florida;SN50540;01.07.2021;20,3;0;5,4
Bergen - Florida;SN50540;02.07.2021;20,5;0;5,1
Bergen - Florida;SN50540;03.07.2021;16,2;4,5;6,1
Bergen - Florida;SN50540;04.07.2021;18,9;5,2;6,7
Bergen - Florida;SN50540;05.07.2021;20,2;1;6,2
Bergen - Florida;SN50540;06.07.2021;18,2;13,3;6,5
Bergen - Florida;SN50540;07.07.2021;16,8;0,5;8,8
Bergen - Florida;SN50540;08.07.2021;15,6;2,9;6
Bergen - Florida;SN50540;09.07.2021;15,8;22,3;5
Bergen - Florida;SN50540;10.07.2021;15,8;5,7;4,4
Bergen - Florida;SN50540;11.07.2021;16;5,7;5,2
Bergen - Florida;SN50540;12.07.2021;18;0,1;5,1
Bergen - Florida;SN50540;13.07.2021;20,4;0;4,2
Bergen - Florida;SN50540;14.07.2021;18,9;2,8;4,7
Bergen - Florida;SN50540;15.07.2021;16;0,3;6,7
Bergen - Florida;SN50540;16.07.2021;16,3;0,6;5,4
Bergen - Florida;SN50540;17.07.2021;14,7;0,8;6,7
Bergen - Florida;SN50540;18.07.2021;12,8;10,3;6,8
Bergen - Florida;SN50540;19.07.2021;13,6;0,8;5,1
Bergen - Florida;SN50540;20.07.2021;13,5;0,6;5,8
Bergen - Florida;SN50540;21.07.2021;14,9;0,7;6,1
Bergen - Florida;SN50540;22.07.2021;14,8;0;6,5
Bergen - Florida;SN50540;23.07.2021;17,5;0;5,9
Bergen - Florida;SN50540;24.07.2021;16,6;0;4,4
Bergen - Florida;SN50540;25.07.2021;21,5;0;5,3
Bergen - Florida;SN50540;26.07.2021;22,1;0,1;6
Bergen - Florida;SN50540;27.07.2021;19,4;1,7;4,8
Bergen - Florida;SN50540;28.07.2021;18,3;10,7;5,2
Bergen - Florida;SN50540;29.07.2021;17;9,6;5,4
Bergen - Florida;SN50540;30.07.2021;17,8;5,5;5,6
Bergen - Florida;SN50540;31.07.2021;14,8;0;6,5
Bergen - Florida;SN50540;01.08.2021;15,5;0;9,7
Bergen - Florida;SN50540;02.08.2021;13,8;0;7,6
Bergen - Florida;SN50540;03.08.2021;13,2;0;5,4
Bergen - Florida;SN50540;04.08.2021;14,4;0;5,2
Bergen - Florida;SN50540;05.08.2021;16,3;0;6,4
Bergen - Florida;SN50540;06.08.2021;19;0;7,8
Bergen - Florida;SN50540;07.08.2021;19,9;0,5;8,4
Bergen - Florida;SN50540;08.08.2021;18,4;0;5,1
Bergen - Florida;SN50540;09.08.2021;16,6;0,9;5,6
Bergen - Florida;SN50540;10.08.2021;17,4;21,3;5,2
Bergen - Florida;SN50540;11.08.2021;17;0;4,5
Bergen - Florida;SN50540;12.08.2021;16,6;0,1;8,1
Bergen - Florida;SN50540;13.08.2021;14,6;3,4;6,5
Bergen - Florida;SN50540;14.08.2021;14,8;6,6;7,3
Bergen - Florida;SN50540;15.08.2021;12,8;19;5,3
Bergen - Florida;SN50540;16.08.2021;15,7;6;6
Bergen - Florida;SN50540;17.08.2021;15;0,1;5,8
Bergen - Florida;SN50540;18.08.2021;14,1;0,1;8
Bergen - Florida;SN50540;19.08.2021;14,3;1;8,4
Bergen - Florida;SN50540;20.08.2021;13,7;0,2;6
Bergen - Florida;SN50540;21.08.2021;14;0;5,2
Bergen - Florida;SN50540;22.08.2021;14,8;0;4,7
Bergen - Florida;SN50540;23.08.2021;14,7;0,1;4,9
Bergen - Florida;SN50540;24.08.2021;14,6;0;4,5
Bergen - Florida;SN50540;25.08.2021;15,6;7,4;9,4
Bergen - Florida;SN50540;26.08.2021;17;0;9,2
Bergen - Florida;SN50540;27.08.2021;16,3;0;7,2
Bergen - Florida;SN50540;28.08.2021;15,7;0;5,1
Bergen - Florida;SN50540;29.08.2021;15,5;0;5,2
Bergen - Florida;SN50540;30.08.2021;14,2;0;5,8
Bergen - Florida;SN50540;31.08.2021;15,3;0;7,7
Bergen - Florida;SN50540;01.09.2021;15,2;0;7,6
Bergen - Florida;SN50540;02.09.2021;13,4;0;7,1
Bergen - Florida;SN50540;03.09.2021;13,3;1,3;6,8
Bergen - Florida;SN50540;04.09.2021;12,1;0;5,1
Bergen - Florida;SN50540;05.09.2021;14;0;7,1
Bergen - Florida;SN50540;06.09.2021;14,1;0;7,6
Bergen - Florida;SN50540;07.09.2021;14,9;2;6,9
Bergen - Florida;SN50540;08.09.2021;17;12,7;6,1
Bergen - Florida;SN50540;09.09.2021;17,9;0,9;5,4
Bergen - Florida;SN50540;10.09.2021;17,6;0;3
Bergen - Florida;SN50540;11.09.2021;16,3;3,2;6,4
Bergen - Florida;SN50540;12.09.2021;13,3;20,2;7,9
Bergen - Florida;SN50540;13.09.2021;12,3;0;5,6
Bergen - Florida;SN50540;14.09.2021;11,4;0;4,9
Bergen - Florida;SN50540;15.09.2021;13,2;0;3,1
Bergen - Florida;SN50540;16.09.2021;13,7;1,2;3,5
Bergen - Florida;SN50540;17.09.2021;13,8;0,7;4,5
Bergen - Florida;SN50540;18.09.2021;14,5;0;6
Bergen - Florida;SN50540;19.09.2021;14,4;0;6,6
Bergen - Florida;SN50540;20.09.2021;12,9;0;8,6
Bergen - Florida;SN50540;21.09.2021;12,6;11,9;9
Bergen - Florida;SN50540;22.09.2021;13,4;0,9;8,2
Bergen - Florida;SN50540;23.09.2021;9,9;41,9;9
Bergen - Florida;SN50540;24.09.2021;10,4;24,2;8,9
Bergen - Florida;SN50540;25.09.2021;11,4;36,3;5,8
Bergen - Florida;SN50540;26.09.2021;16,1;0,1;8,1
Bergen - Florida;SN50540;27.09.2021;19;0,2;9,9
Bergen - Florida;SN50540;28.09.2021;13,4;20,9;12,4
Bergen - Florida;SN50540;29.09.2021;15,2;0;7,7
Bergen - Florida;SN50540;30.09.2021;13,2;1,4;7,4
Bergen - Florida;SN50540;01.10.2021;12,9;3,4;9,5
Bergen - Florida;SN50540;02.10.2021;11,7;10,3;8,5
Bergen - Florida;SN50540;03.10.2021;13,6;5,5;15,9
Bergen - Florida;SN50540;04.10.2021;11,7;20,4;12,6
Bergen - Florida;SN50540;05.10.2021;11;39,2;5,6
Bergen - Florida;SN50540;06.10.2021;10;3,5;4
Bergen - Florida;SN50540;07.10.2021;11,1;4,6;7,4
Bergen - Florida;SN50540;08.10.2021;14,2;46;9,7
Bergen - Florida;SN50540;09.10.2021;13,8;31;10,2
Bergen - Florida;SN50540;10.10.2021;11,3;33,4;6,7
Bergen - Florida;SN50540;11.10.2021;7,1;26,4;8,3
Bergen - Florida;SN50540;12.10.2021;6,5;13,7;7,1
Bergen - Florida;SN50540;13.10.2021;7,2;0,1;9,2
Bergen - Florida;SN50540;14.10.2021;10,8;18,4;7,7
Bergen - Florida;SN50540;15.10.2021;7,7;31,8;10,4
Bergen - Florida;SN50540;16.10.2021;7;16,9;6,2
Bergen - Florida;SN50540;17.10.2021;4,7;4,6;2,8
Bergen - Florida;SN50540;18.10.2021;4,5;0;2,3
Bergen - Florida;SN50540;19.10.2021;11;4,8;9,9
Bergen - Florida;SN50540;20.10.2021;10,6;56,9;8,1
Bergen - Florida;SN50540;21.10.2021;5;27,6;11,7
Bergen - Florida;SN50540;22.10.2021;4,6;8,8;12,5
Bergen - Florida;SN50540;23.10.2021;6,6;7,2;9,2
Bergen - Florida;SN50540;24.10.2021;10,3;2,2;10,7
Bergen - Florida;SN50540;25.10.2021;10,6;50,7;7,9
Bergen - Florida;SN50540;26.10.2021;9,1;10,5;6,5
Bergen - Florida;SN50540;27.10.2021;11,9;32,3;8,4
Bergen - Florida;SN50540;28.10.2021;12,1;26;7,9
Bergen - Florida;SN50540;29.10.2021;13,7;87,9;11,9
Bergen - Florida;SN50540;30.10.2021;11,9;10,6;13,9
Bergen - Florida;SN50540;31.10.2021;10,6;6,7;10,2
Bergen - Florida;SN50540;01.11.2021;11,2;13,8;12,1
Bergen - Florida;SN50540;02.11.2021;9,6;7,7;10,7
Bergen - Florida;SN50540;03.11.2021;8;0,8;6
Bergen - Florida;SN50540;04.11.2021;6,7;1,9;3,9
Bergen - Florida;SN50540;05.11.2021;7;5,2;4,9
Bergen - Florida;SN50540;06.11.2021;6,9;15,5;7,7
Bergen - Florida;SN50540;07.11.2021;8,2;25;11,4
Bergen - Florida;SN50540;08.11.2021;7,5;12,7;7,6
Bergen - Florida;SN50540;09.11.2021;9,6;25,8;9,7
Bergen - Florida;SN50540;10.11.2021;8,2;7,3;7,6
Bergen - Florida;SN50540;11.11.2021;7,1;13,3;8,9
Bergen - Florida;SN50540;12.11.2021;7,7;7,4;7,4
Bergen - Florida;SN50540;13.11.2021;8,6;0,5;9,6
Bergen - Florida;SN50540;14.11.2021;5,8;0;4,4
Bergen - Florida;SN50540;15.11.2021;8,4;0;9,5
Bergen - Florida;SN50540;16.11.2021;9,3;29,2;8,2
Bergen - Florida;SN50540;17.11.2021;6,1;36,5;9
Bergen - Florida;SN50540;18.11.2021;7,5;10,2;8,1
Bergen - Florida;SN50540;19.11.2021;9,1;35,5;9,6
Bergen - Florida;SN50540;20.11.2021;6,3;7,2;5,6
Bergen - Florida;SN50540;21.11.2021;3,1;13,5;6,1
Bergen - Florida;SN50540;22.11.2021;4,9;2,2;6,1
Bergen - Florida;SN50540;23.11.2021;7,2;12,4;5,9
Bergen - Florida;SN50540;24.11.2021;6,8;18,9;5,7
Bergen - Florida;SN50540;25.11.2021;2,5;23,1;7,4
Bergen - Florida;SN50540;26.11.2021;2,5;0,1;8,3
Bergen - Florida;SN50540;27.11.2021;-0,5;0;2,9
Bergen - Florida;SN50540;28.11.2021;-4;0;2,2
Bergen - Florida;SN50540;29.11.2021;-2;0;9,7
Bergen - Florida;SN50540;30.11.2021;0,6;8,1;12,8
Bergen - Florida;SN50540;01.12.2021;-2,5;0,1;2,8
Bergen - Florida;SN50540;02.12.2021;-2,1;0,2;5,2
Bergen - Florida;SN50540;03.12.2021;0,2;2,3;5,5
Bergen - Florida;SN50540;04.12.2021;2,6;0,6;11,7
Bergen - Florida;SN50540;05.12.2021;0,9;0,9;6,5
Bergen - Florida;SN50540;06.12.2021;1,5;0;11,9
Bergen - Florida;SN50540;07.12.2021;4,1;0,1;9,9
Bergen - Florida;SN50540;08.12.2021;3,1;0;12,6
Bergen - Florida;SN50540;09.12.2021;4,5;0;10
Bergen - Florida;SN50540;10.12.2021;3,3;0;13,1
Bergen - Florida;SN50540;11.12.2021;0,5;0;8,6
Bergen - Florida;SN50540;12.12.2021;5,1;2,4;10,2
Bergen - Florida;SN50540;13.12.2021;7,1;2,2;10,1
Bergen - Florida;SN50540;14.12.2021;6,3;11,2;9
Bergen - Florida;SN50540;15.12.2021;9,2;57;7,4
Bergen - Florida;SN50540;16.12.2021;7,3;2,6;7,8
Bergen - Florida;SN50540;17.12.2021;7,7;4,8;4,3
Bergen - Florida;SN50540;18.12.2021;7,6;4,6;5,7
Bergen - Florida;SN50540;19.12.2021;3,8;3,6;9,1
Bergen - Florida;SN50540;20.12.2021;0;0;4,5
Bergen - Florida;SN50540;21.12.2021;0,9;0;4,5
Bergen - Florida;SN50540;22.12.2021;3,6;0,6;6,2
Bergen - Florida;SN50540;23.12.2021;1,1;0;5,8
Bergen - Florida;SN50540;24.12.2021;-2,2;0,2;7,5
Bergen - Florida;SN50540;25.12.2021;-2,9;0;3,6
Bergen - Florida;SN50540;26.12.2021;-2;0;3,6
Bergen - Florida;SN50540;27.12.2021;-2,2;0;3,5
Bergen - Florida;SN50540;28.12.2021;0,7;0,7;7,9
Bergen - Florida;SN50540;29.12.2021;2,4;0,4;4,4
Bergen - Florida;SN50540;30.12.2021;7,7;7,7;9,3
Bergen - Florida;SN50540;31.12.2021;7;29,2;5,6
Bergen - Florida;SN50540;01.01.2022;5,6;9,8;12,5
Bergen - Florida;SN50540;02.01.2022;8,1;9,1;10,5
Bergen - Florida;SN50540;03.01.2022;4,5;5,5;9,9
Bergen - Florida;SN50540;04.01.2022;3;15,9;7,8
Bergen - Florida;SN50540;05.01.2022;2;18,3;8,7
Bergen - Florida;SN50540;06.01.2022;0,3;0;6,2
Bergen - Florida;SN50540;07.01.2022;4,5;0,2;10,5
Bergen - Florida;SN50540;08.01.2022;3,1;0,3;6,9
Bergen - Florida;SN50540;09.01.2022;2,9;0,9;7,6
Bergen - Florida;SN50540;10.01.2022;3,8;0;10,6
Bergen - Florida;SN50540;11.01.2022;5,7;6,2;11,3
Bergen - Florida;SN50540;12.01.2022;8;12,9;8,7
Bergen - Florida;SN50540;13.01.2022;8,4;31,8;8,5
Bergen - Florida;SN50540;14.01.2022;4;6,5;12,9
Bergen - Florida;SN50540;15.01.2022;3,4;0,1;8,4
Bergen - Florida;SN50540;16.01.2022;4,6;12,7;11,8
Bergen - Florida;SN50540;17.01.2022;2,7;16,9;13,5
Bergen - Florida;SN50540;18.01.2022;5,5;2,8;8,6
Bergen - Florida;SN50540;19.01.2022;3,4;17,2;15,6
Bergen - Florida;SN50540;20.01.2022;0,1;19,7;14,9
Bergen - Florida;SN50540;21.01.2022;3;3,7;5,9
Bergen - Florida;SN50540;22.01.2022;6,1;7,1;4,3
Bergen - Florida;SN50540;23.01.2022;7,1;11,5;7,7
Bergen - Florida;SN50540;24.01.2022;5,9;13,7;7,7
Bergen - Florida;SN50540;25.01.2022;5,1;12,6;6,5
Bergen - Florida;SN50540;26.01.2022;5,3;24,6;8,4
Bergen - Florida;SN50540;27.01.2022;5,2;29,1;12,8
Bergen - Florida;SN50540;28.01.2022;3;3;13,4
Bergen - Florida;SN50540;29.01.2022;6,4;58,2;14,5
Bergen - Florida;SN50540;30.01.2022;2,7;24,5;18,3
Bergen - Florida;SN50540;31.01.2022;0,2;0,1;8,7
Bergen - Florida;SN50540;01.02.2022;2,4;5,6;9,9
Bergen - Florida;SN50540;02.02.2022;1,3;12,6;12,3
Bergen - Florida;SN50540;03.02.2022;4,9;6,9;7,3
Bergen - Florida;SN50540;04.02.2022;2,8;21,7;9,3
Bergen - Florida;SN50540;05.02.2022;2,6;12,1;9,9
Bergen - Florida;SN50540;06.02.2022;2;23,4;6,6
Bergen - Florida;SN50540;07.02.2022;3;8,9;9
Bergen - Florida;SN50540;08.02.2022;4,9;24;8,6
Bergen - Florida;SN50540;09.02.2022;4;6,8;11,2
Bergen - Florida;SN50540;10.02.2022;2;5,9;8
Bergen - Florida;SN50540;11.02.2022;0,5;7;7,9
Bergen - Florida;SN50540;12.02.2022;4,9;8,6;9,9
Bergen - Florida;SN50540;13.02.2022;6,6;50,7;8,1
Bergen - Florida;SN50540;14.02.2022;4,6;15,8;5,5
Bergen - Florida;SN50540;15.02.2022;3,5;1,4;6,2
Bergen - Florida;SN50540;16.02.2022;3,4;10,5;7,6
Bergen - Florida;SN50540;17.02.2022;2,2;8,5;5,5
Bergen - Florida;SN50540;18.02.2022;2,5;9,1;6,6
Bergen - Florida;SN50540;19.02.2022;0,4;2;4,9
Bergen - Florida;SN50540;20.02.2022;1,8;6,3;12,8
Bergen - Florida;SN50540;21.02.2022;2,9;13,3;8,9
Bergen - Florida;SN50540;22.02.2022;0,9;2,4;11,3
Bergen - Florida;SN50540;23.02.2022;4,5;6,3;11,7
Bergen - Florida;SN50540;24.02.2022;3,5;19,6;7,9
Bergen - Florida;SN50540;25.02.2022;3,4;16,2;9,8
Bergen - Florida;SN50540;26.02.2022;4,6;0,1;9,9
Bergen - Florida;SN50540;27.02.2022;6,7;0,1;13,5
Bergen - Florida;SN50540;28.02.2022;5,7;0;13,4
Bergen - Florida;SN50540;01.03.2022;4,8;17,5;8,9
Bergen - Florida;SN50540;02.03.2022;5,9;2,6;7
Bergen - Florida;SN50540;03.03.2022;4,5;0,6;6,9
Bergen - Florida;SN50540;04.03.2022;4,2;0;7,2
Bergen - Florida;SN50540;05.03.2022;2,8;0;6
Bergen - Florida;SN50540;06.03.2022;4;1,6;4,4
Bergen - Florida;SN50540;07.03.2022;4;0;5,8
Bergen - Florida;SN50540;08.03.2022;4,3;0;6
Bergen - Florida;SN50540;09.03.2022;8,5;0;12,8
Bergen - Florida;SN50540;10.03.2022;9,5;0;9,4
Bergen - Florida;SN50540;11.03.2022;11;0;9,6
Bergen - Florida;SN50540;12.03.2022;10;0;9,8
Bergen - Florida;SN50540;13.03.2022;10,6;0;9,6
Bergen - Florida;SN50540;14.03.2022;9,5;1;7,5
Bergen - Florida;SN50540;15.03.2022;6,7;0;8,8
Bergen - Florida;SN50540;16.03.2022;8,1;0,5;8,3
Bergen - Florida;SN50540;17.03.2022;6,4;1,2;9,8
Bergen - Florida;SN50540;18.03.2022;6,2;17,3;7,3
Bergen - Florida;SN50540;19.03.2022;6,4;0;6,2
Bergen - Florida;SN50540;20.03.2022;6;0;7,7
Bergen - Florida;SN50540;21.03.2022;5,8;0;6,8
Bergen - Florida;SN50540;22.03.2022;5,8;0;4,9
Bergen - Florida;SN50540;23.03.2022;6,4;0,1;6,1
Bergen - Florida;SN50540;24.03.2022;8,7;0,6;5,6
Bergen - Florida;SN50540;25.03.2022;7,3;0,8;6,3
Bergen - Florida;SN50540;26.03.2022;5,8;17,7;6
Bergen - Florida;SN50540;27.03.2022;6,4;1,4;4,7
Bergen - Florida;SN50540;28.03.2022;6;3,7;9,8
Bergen - Florida;SN50540;29.03.2022;2,9;1,4;8,4
Bergen - Florida;SN50540;30.03.2022;2,8;0,1;6,9
Bergen - Florida;SN50540;31.03.2022;3;0;6
Bergen - Florida;SN50540;01.04.2022;2,9;0;5,3
Bergen - Florida;SN50540;02.04.2022;2,2;0;8,1
Bergen - Florida;SN50540;03.04.2022;3,4;2;5,2
Bergen - Florida;SN50540;04.04.2022;3,7;28,6;11,9
Bergen - Florida;SN50540;05.04.2022;2,8;9,9;9,7
Bergen - Florida;SN50540;06.04.2022;2,8;0;3,8
Bergen - Florida;SN50540;07.04.2022;3,1;0;5,8
Bergen - Florida;SN50540;08.04.2022;3,6;0,3;9,4
Bergen - Florida;SN50540;09.04.2022;3,9;0,1;13,7
Bergen - Florida;SN50540;10.04.2022;4,3;1,7;11,5
Bergen - Florida;SN50540;11.04.2022;4,3;0,7;5,6
Bergen - Florida;SN50540;12.04.2022;6,1;1,8;4
Bergen - Florida;SN50540;13.04.2022;5,8;0;3,2
Bergen - Florida;SN50540;14.04.2022;8,8;9,6;3,4
Bergen - Florida;SN50540;15.04.2022;8,3;0;5,4
Bergen - Florida;SN50540;16.04.2022;6,6;0;6,8
Bergen - Florida;SN50540;17.04.2022;9,6;0,1;6,6
Bergen - Florida;SN50540;18.04.2022;10,6;0;8,8
Bergen - Florida;SN50540;19.04.2022;10,1;0;5,5
Bergen - Florida;SN50540;20.04.2022;11;0;4,5
Bergen - Florida;SN50540;21.04.2022;13,8;0;6,4
Bergen - Florida;SN50540;22.04.2022;14,4;0;6,4
Bergen - Florida;SN50540;23.04.2022;13,1;0;5,1
Bergen - Florida;SN50540;24.04.2022;10,9;0;5,9
Bergen - Florida;SN50540;25.04.2022;9,2;0;5,8
Bergen - Florida;SN50540;26.04.2022;9,8;0;7,9
Bergen - Florida;SN50540;27.04.2022;7,2;0;8,1
Bergen - Florida;SN50540;28.04.2022;8;0;6,6
Bergen - Florida;SN50540;29.04.2022;8,4;1,2;7
Bergen - Florida;SN50540;30.04.2022;8,6;1,1;7,8
Bergen - Florida;SN50540;01.05.2022;8,3;0;4,9
Bergen - Florida;SN50540;02.05.2022;6,8;0,3;9,1
Bergen - Florida;SN50540;03.05.2022;7;1,6;8,4
Bergen - Florida;SN50540;04.05.2022;6,6;0;8,2
Bergen - Florida;SN50540;05.05.2022;8,7;5,1;7,6
Bergen - Florida;SN50540;06.05.2022;9,2;1,4;8,5
Bergen - Florida;SN50540;07.05.2022;6,9;30;8,3
Bergen - Florida;SN50540;08.05.2022;8,2;0,5;7,2
Bergen - Florida;SN50540;09.05.2022;10,7;0;10,2
Bergen - Florida;SN50540;10.05.2022;9,8;9,5;10,8
Bergen - Florida;SN50540;11.05.2022;9,3;15,3;8,2
Bergen - Florida;SN50540;12.05.2022;8,4;16,3;6,3
Bergen - Florida;SN50540;13.05.2022;8,5;9,8;6
Bergen - Florida;SN50540;14.05.2022;8,9;28;7,5
Bergen - Florida;SN50540;15.05.2022;11,2;0,3;4,8
Bergen - Florida;SN50540;16.05.2022;13,8;0,1;5,2
Bergen - Florida;SN50540;17.05.2022;14,3;0;5
Bergen - Florida;SN50540;18.05.2022;14,1;0;9,7
Bergen - Florida;SN50540;19.05.2022;11,2;7,6;7,5
Bergen - Florida;SN50540;20.05.2022;13,1;0,2;5,9
Bergen - Florida;SN50540;21.05.2022;11,7;0,1;5,4
Bergen - Florida;SN50540;22.05.2022;13,3;1,8;7
Bergen - Florida;SN50540;23.05.2022;12,3;2;9,2
Bergen - Florida;SN50540;24.05.2022;13,1;24,3;9,4
Bergen - Florida;SN50540;25.05.2022;10,4;17,2;11,9
Bergen - Florida;SN50540;26.05.2022;10,5;10,4;7
Bergen - Florida;SN50540;27.05.2022;9,9;5,7;8,5
Bergen - Florida;SN50540;28.05.2022;10,8;0;10,6
Bergen - Florida;SN50540;29.05.2022;8,5;0,1;8,7
Bergen - Florida;SN50540;30.05.2022;10,6;1,7;4,4
Bergen - Florida;SN50540;31.05.2022;12,6;0,1;4,8
Bergen - Florida;SN50540;01.06.2022;12,4;0,2;5,1
Bergen - Florida;SN50540;02.06.2022;10,6;10,7;4,2
Bergen - Florida;SN50540;03.06.2022;11,1;7,3;5,6
Bergen - Florida;SN50540;04.06.2022;11,2;0,3;5,5
Bergen - Florida;SN50540;05.06.2022;12,8;0;7,4
Bergen - Florida;SN50540;06.06.2022;15,6;0;6,7
Bergen - Florida;SN50540;07.06.2022;18;0,2;5,6
Bergen - Florida;SN50540;08.06.2022;15,4;0;7,6
Bergen - Florida;SN50540;09.06.2022;13,7;0,4;4,3
Bergen - Florida;SN50540;10.06.2022;14,2;0,4;8,9
Bergen - Florida;SN50540;11.06.2022;14;5,9;11,1
Bergen - Florida;SN50540;12.06.2022;11,9;17,7;8,8
Bergen - Florida;SN50540;13.06.2022;11;11,3;4,9
Bergen - Florida;SN50540;14.06.2022;12,7;11,3;4,4
Bergen - Florida;SN50540;15.06.2022;13,1;1,1;4,9
Bergen - Florida;SN50540;16.06.2022;13,8;0,9;5,3
Bergen - Florida;SN50540;17.06.2022;13,6;1,8;8,8
Bergen - Florida;SN50540;18.06.2022;10,9;25,2;6,6
Bergen - Florida;SN50540;19.06.2022;13,3;30,6;7,8
Bergen - Florida;SN50540;20.06.2022;13,7;3,7;6,5
Bergen - Florida;SN50540;21.06.2022;11,6;2,7;5,8
Bergen - Florida;SN50540;22.06.2022;11,5;11;8,6
Bergen - Florida;SN50540;23.06.2022;14,6;6,2;10,7
Bergen - Florida;SN50540;24.06.2022;21,4;0;7,2
Bergen - Florida;SN50540;25.06.2022;20,2;5,9;6,8
Bergen - Florida;SN50540;26.06.2022;17,1;0;7,1
Bergen - Florida;SN50540;27.06.2022;16,5;9,3;6,2
Bergen - Florida;SN50540;28.06.2022;16;0;5,6
Bergen - Florida;SN50540;29.06.2022;17,8;0;5,2
Bergen - Florida;SN50540;30.06.2022;19,9;0;4,5
Bergen - Florida;SN50540;01.07.2022;20,4;0;7,6
Bergen - Florida;SN50540;02.07.2022;15,4;9,5;11,1
Bergen - Florida;SN50540;03.07.2022;14,2;27,4;7,1
Bergen - Florida;SN50540;04.07.2022;12,9;14;6,4
Bergen - Florida;SN50540;05.07.2022;12,5;18,4;6,8
Bergen - Florida;SN50540;06.07.2022;12,3;1,1;8,3
Bergen - Florida;SN50540;07.07.2022;12,7;25,3;8,6
Bergen - Florida;SN50540;08.07.2022;12,5;4;5,5
Bergen - Florida;SN50540;09.07.2022;11,4;4,5;7,4
Bergen - Florida;SN50540;10.07.2022;12,8;0,8;7,2
Bergen - Florida;SN50540;11.07.2022;17;0;4,1
Bergen - Florida;SN50540;12.07.2022;15,8;0;7,8
Bergen - Florida;SN50540;13.07.2022;12,6;6,1;5,9
Bergen - Florida;SN50540;14.07.2022;11,9;17,3;8
Bergen - Florida;SN50540;15.07.2022;11,6;1,5;7
Bergen - Florida;SN50540;16.07.2022;12,1;5,1;7
Bergen - Florida;SN50540;17.07.2022;12,6;1,5;6,9
Bergen - Florida;SN50540;18.07.2022;15,2;21,6;7
Bergen - Florida;SN50540;19.07.2022;20,5;0,5;10,4
Bergen - Florida;SN50540;20.07.2022;19,9;0,2;9,8
Bergen - Florida;SN50540;21.07.2022;14,7;8,8;7,1
Bergen - Florida;SN50540;22.07.2022;16,1;0;6,9
Bergen - Florida;SN50540;23.07.2022;14,3;0,2;7,8
Bergen - Florida;SN50540;24.07.2022;14,6;0,1;9,9
Bergen - Florida;SN50540;25.07.2022;14,5;30,6;7,9
Bergen - Florida;SN50540;26.07.2022;11,1;11,7;8,8
Bergen - Florida;SN50540;27.07.2022;11,8;5,6;7,8
Bergen - Florida;SN50540;28.07.2022;14,1;0,3;5,7
Bergen - Florida;SN50540;29.07.2022;14,3;0,1;4,8
Bergen - Florida;SN50540;30.07.2022;15,4;0;8,9
Bergen - Florida;SN50540;31.07.2022;14,2;17,2;6,5
Bergen - Florida;SN50540;01.08.2022;13,5;0,2;6,2
Bergen - Florida;SN50540;02.08.2022;14,9;0,1;11,2
Bergen - Florida;SN50540;03.08.2022;16,1;7,6;9,5
Bergen - Florida;SN50540;04.08.2022;12,9;13;6,2
Bergen - Florida;SN50540;05.08.2022;12,2;6,8;5
Bergen - Florida;SN50540;06.08.2022;11,8;12,5;6
Bergen - Florida;SN50540;07.08.2022;12,7;13,7;6,4
Bergen - Florida;SN50540;08.08.2022;14,5;13;4,2
Bergen - Florida;SN50540;09.08.2022;15,2;0,9;6,5
Bergen - Florida;SN50540;10.08.2022;17,7;2,2;9,3
Bergen - Florida;SN50540;11.08.2022;17,2;0,5;8,9
Bergen - Florida;SN50540;12.08.2022;15,9;2,8;5,1
Bergen - Florida;SN50540;13.08.2022;16,6;0,8;3,4
Bergen - Florida;SN50540;14.08.2022;19,3;0;4,5
Bergen - Florida;SN50540;15.08.2022;20;0,1;5,5
Bergen - Florida;SN50540;16.08.2022;17,6;6,3;4,2
Bergen - Florida;SN50540;17.08.2022;13,9;16,2;5,6
Bergen - Florida;SN50540;18.08.2022;14,1;0;6,5
Bergen - Florida;SN50540;19.08.2022;16,1;0,4;7,8
Bergen - Florida;SN50540;20.08.2022;15,5;8,5;9,4
Bergen - Florida;SN50540;21.08.2022;14,6;22,3;6,5
Bergen - Florida;SN50540;22.08.2022;14,4;4,1;5
Bergen - Florida;SN50540;23.08.2022;18;0,3;6,5
Bergen - Florida;SN50540;24.08.2022;21;0,2;9,5
Bergen - Florida;SN50540;25.08.2022;18,4;4,1;8,1
Bergen - Florida;SN50540;26.08.2022;15,5;32,4;5,6
Bergen - Florida;SN50540;27.08.2022;13,5;0;6
Bergen - Florida;SN50540;28.08.2022;14;0;6,1
Bergen - Florida;SN50540;29.08.2022;14,8;0;5
Bergen - Florida;SN50540;30.08.2022;15,4;0,1;3,5
Bergen - Florida;SN50540;31.08.2022;16,1;0,1;4,3
Bergen - Florida;SN50540;01.09.2022;14;0,1;4,3
Bergen - Florida;SN50540;02.09.2022;14,8;0;5
Bergen - Florida;SN50540;03.09.2022;15,1;0;5,5
Bergen - Florida;SN50540;04.09.2022;16,1;0;3,8
Bergen - Florida;SN50540;05.09.2022;17,4;0,2;4,4
Bergen - Florida;SN50540;06.09.2022;16,4;0,5;4,6
Bergen - Florida;SN50540;07.09.2022;15,4;0;4,8
Bergen - Florida;SN50540;08.09.2022;15,4;0;5,8
Bergen - Florida;SN50540;09.09.2022;14,5;0,3;5,5
Bergen - Florida;SN50540;10.09.2022;13,5;0,2;4,2
Bergen - Florida;SN50540;11.09.2022;12,9;0;4,9
Bergen - Florida;SN50540;12.09.2022;14,1;5,9;12
Bergen - Florida;SN50540;13.09.2022;12,7;23,8;6,3
Bergen - Florida;SN50540;14.09.2022;11,3;2,5;6,5
Bergen - Florida;SN50540;15.09.2022;10,6;8,6;9
Bergen - Florida;SN50540;16.09.2022;12;8,4;11,7
Bergen - Florida;SN50540;17.09.2022;10,6;0,1;11,4
Bergen - Florida;SN50540;18.09.2022;11,3;4,3;9,5
Bergen - Florida;SN50540;19.09.2022;10,7;0,3;8
Bergen - Florida;SN50540;20.09.2022;9,4;0;5,1
Bergen - Florida;SN50540;21.09.2022;12,2;0;6,2
Bergen - Florida;SN50540;22.09.2022;13,9;0;8,3
Bergen - Florida;SN50540;23.09.2022;12;51,1;6,9
Bergen - Florida;SN50540;24.09.2022;10,7;0;6
Bergen - Florida;SN50540;25.09.2022;8,8;0;8
Bergen - Florida;SN50540;26.09.2022;9,9;46,3;7,6
Bergen - Florida;SN50540;27.09.2022;10,5;11;4,2
Bergen - Florida;SN50540;28.09.2022;15,1;0,1;9,9
Bergen - Florida;SN50540;29.09.2022;12;0;3,2
Bergen - Florida;SN50540;30.09.2022;12,7;0;12,3
Bergen - Florida;SN50540;01.10.2022;12,5;1,5;12,6
Bergen - Florida;SN50540;02.10.2022;10,6;4,7;4,9
Bergen - Florida;SN50540;03.10.2022;11,3;8,1;6
Bergen - Florida;SN50540;04.10.2022;12,4;0,9;9,5
Bergen - Florida;SN50540;05.10.2022;10,7;50,1;9,2
Bergen - Florida;SN50540;06.10.2022;11;27,5;7,4
Bergen - Florida;SN50540;07.10.2022;11,8;13,7;7
Bergen - Florida;SN50540;08.10.2022;8,3;5,4;5,3
Bergen - Florida;SN50540;09.10.2022;11,5;9,5;9,9
Bergen - Florida;SN50540;10.10.2022;9,7;20,4;12
Bergen - Florida;SN50540;11.10.2022;7,4;16,5;7,4
Bergen - Florida;SN50540;12.10.2022;10;4,2;7,2
Bergen - Florida;SN50540;13.10.2022;9,4;22,2;6,6
Bergen - Florida;SN50540;14.10.2022;9;0,9;9,5
Bergen - Florida;SN50540;15.10.2022;8,4;22,6;9,5
Bergen - Florida;SN50540;16.10.2022;8,9;8,7;9,6
Bergen - Florida;SN50540;17.10.2022;9,7;27,2;11,6
Bergen - Florida;SN50540;18.10.2022;8,6;10,9;7,5
Bergen - Florida;SN50540;19.10.2022;4,6;0,6;4,1
Bergen - Florida;SN50540;20.10.2022;3,9;0;2,8
Bergen - Florida;SN50540;21.10.2022;5,8;0;2,6
Bergen - Florida;SN50540;22.10.2022;8,1;1,7;2,4
Bergen - Florida;SN50540;23.10.2022;9,5;1,5;4,2
Bergen - Florida;SN50540;24.10.2022;9,1;9,2;8,5
Bergen - Florida;SN50540;25.10.2022;10,4;0,5;3,4
Bergen - Florida;SN50540;26.10.2022;11,9;0,8;8,8
Bergen - Florida;SN50540;27.10.2022;12,9;3,1;9,3
Bergen - Florida;SN50540;28.10.2022;13,2;0,9;6,3
Bergen - Florida;SN50540;29.10.2022;11,4;16,6;8,1
Bergen - Florida;SN50540;30.10.2022;11,6;0,5;6,5
Bergen - Florida;SN50540;31.10.2022;12,3;14,2;7,8
Bergen - Florida;SN50540;01.11.2022;13,4;1,7;11,9
Bergen - Florida;SN50540;02.11.2022;9,7;16,5;11,2
Bergen - Florida;SN50540;03.11.2022;10,4;19;13,3
Bergen - Florida;SN50540;04.11.2022;7,7;10,4;7,3
Bergen - Florida;SN50540;05.11.2022;7,9;11,8;5
Bergen - Florida;SN50540;06.11.2022;8,4;10;7
Bergen - Florida;SN50540;07.11.2022;7,6;1,6;4,7
Bergen - Florida;SN50540;08.11.2022;11,3;2,5;9
Bergen - Florida;SN50540;09.11.2022;9,9;17;8,5
Bergen - Florida;SN50540;10.11.2022;11,2;26,3;8,7
Bergen - Florida;SN50540;11.11.2022;12,8;54,5;10,6
Bergen - Florida;SN50540;12.11.2022;10,7;8,9;8,4
Bergen - Florida;SN50540;13.11.2022;11;0,3;5,4
Bergen - Florida;SN50540;14.11.2022;7,8;0;2,8
Bergen - Florida;SN50540;15.11.2022;8,5;0;11,6
Bergen - Florida;SN50540;16.11.2022;10,3;0;18,7
Bergen - Florida;SN50540;17.11.2022;6,4;0;14,5
Bergen - Florida;SN50540;18.11.2022;1,9;0;8,3
Bergen - Florida;SN50540;19.11.2022;-1,1;0;2,4
Bergen - Florida;SN50540;20.11.2022;-1,8;0;3,1
Bergen - Florida;SN50540;21.11.2022;0,2;0;9,9
Bergen - Florida;SN50540;22.11.2022;3,4;0;11,2
Bergen - Florida;SN50540;23.11.2022;6,8;0;8,7
Bergen - Florida;SN50540;24.11.2022;9,4;0;10,5
Bergen - Florida;SN50540;25.11.2022;10,2;1;12
Bergen - Florida;SN50540;26.11.2022;9,4;3;10,9
Bergen - Florida;SN50540;27.11.2022;10,5;0;14,1
Bergen - Florida;SN50540;28.11.2022;8,9;5,2;8,6
Bergen - Florida;SN50540;29.11.2022;7,1;0,4;6,3
Bergen - Florida;SN50540;30.11.2022;4,6;0,6;1,8
Bergen - Florida;SN50540;01.12.2022;4;0;2,9
Bergen - Florida;SN50540;02.12.2022;-0,2;0;2,7
Bergen - Florida;SN50540;03.12.2022;-1,7;0;1,8
Bergen - Florida;SN50540;04.12.2022;-1,4;0;2,7
Bergen - Florida;SN50540;05.12.2022;1,3;0,1;3,9
Bergen - Florida;SN50540;06.12.2022;1;0,1;6,2
Bergen - Florida;SN50540;07.12.2022;-3,8;0;3,6
Bergen - Florida;SN50540;08.12.2022;-1,5;2,2;6,1
Bergen - Florida;SN50540;09.12.2022;-1,4;0;4,8
Bergen - Florida;SN50540;10.12.2022;-4,3;0;2,6
Bergen - Florida;SN50540;11.12.2022;-1,9;0,7;3,2
Bergen - Florida;SN50540;12.12.2022;-3,6;0,1;2,9
Bergen - Florida;SN50540;13.12.2022;-4,2;7;3,4
Bergen - Florida;SN50540;14.12.2022;-5;5,1;5,2
Bergen - Florida;SN50540;15.12.2022;-5,6;1,8;2,9
Bergen - Florida;SN50540;16.12.2022;-1,1;1,2;5,9
Bergen - Florida;SN50540;17.12.2022;2,1;7,3;6,2
Bergen - Florida;SN50540;18.12.2022;2,6;12,7;6,6
Bergen - Florida;SN50540;19.12.2022;6,7;0,3;11,2
Bergen - Florida;SN50540;20.12.2022;7,3;10,9;8,2
Bergen - Florida;SN50540;21.12.2022;4,8;16,1;7
Bergen - Florida;SN50540;22.12.2022;3;34,7;4,9
Bergen - Florida;SN50540;23.12.2022;-1,3;0;6
Bergen - Florida;SN50540;24.12.2022;-4;0;2,3
Bergen - Florida;SN50540;25.12.2022;5,8;0;11,7
Bergen - Florida;SN50540;26.12.2022;4,2;28,8;7,5
Bergen - Florida;SN50540;27.12.2022;1,2;28,4;10,5
Bergen - Florida;SN50540;28.12.2022;2,5;5,8;5,9
Bergen - Florida;SN50540;29.12.2022;6;4,9;11,4
Bergen - Florida;SN50540;30.12.2022;5;25,2;15,6
Bergen - Florida;SN50540;31.12.2022;3,7;33,1;11,3
Bergen - Florida;SN50540;01.01.2023;-2,3;8;5,1
Bergen - Florida;SN50540;02.01.2023;-2,6;0;1,9
Bergen - Florida;SN50540;03.01.2023;1,7;0;8,9
Bergen - Florida;SN50540;04.01.2023;4,7;0,2;15,1
Bergen - Florida;SN50540;05.01.2023;1,7;15,6;10
Bergen - Florida;SN50540;06.01.2023;4,7;10,4;14
Bergen - Florida;SN50540;07.01.2023;7,8;20,4;10,5
Bergen - Florida;SN50540;08.01.2023;7,1;21,2;11,1
Bergen - Florida;SN50540;09.01.2023;6,2;16,4;10,1
Bergen - Florida;SN50540;10.01.2023;6,3;8,8;7,2
Bergen - Florida;SN50540;11.01.2023;6,9;16;13,6
Bergen - Florida;SN50540;12.01.2023;5,3;18,9;8,6
Bergen - Florida;SN50540;13.01.2023;2,9;0,3;4,9
Bergen - Florida;SN50540;14.01.2023;1,5;1,5;9,2
Bergen - Florida;SN50540;15.01.2023;2,4;1,4;10,7
Bergen - Florida;SN50540;16.01.2023;1;4,8;7,4
Bergen - Florida;SN50540;17.01.2023;1;5,5;4,7
Bergen - Florida;SN50540;18.01.2023;0,4;0,1;4
Bergen - Florida;SN50540;19.01.2023;-1,5;0,7;3,5
Bergen - Florida;SN50540;20.01.2023;-4,1;0;2
Bergen - Florida;SN50540;21.01.2023;0;0;6,9
Bergen - Florida;SN50540;22.01.2023;2,8;0;9,8
Bergen - Florida;SN50540;23.01.2023;2,6;0,5;10,7
Bergen - Florida;SN50540;24.01.2023;6,8;14,9;8,9
Bergen - Florida;SN50540;25.01.2023;7,1;34,2;7,9
Bergen - Florida;SN50540;26.01.2023;3;9,9;5,7
Bergen - Florida;SN50540;27.01.2023;1,6;0;7,1
Bergen - Florida;SN50540;28.01.2023;4,8;12,4;8,6
Bergen - Florida;SN50540;29.01.2023;6,3;13;10,1
Bergen - Florida;SN50540;30.01.2023;3,1;59,2;12,6
Bergen - Florida;SN50540;31.01.2023;2,6;3,5;9,1
Bergen - Florida;SN50540;01.02.2023;3,3;31;7,8
Bergen - Florida;SN50540;02.02.2023;0,6;0,1;4,7
Bergen - Florida;SN50540;03.02.2023;2,6;26,5;12,9
Bergen - Florida;SN50540;04.02.2023;2,6;1,5;10,3
Bergen - Florida;SN50540;05.02.2023;4,2;9,5;8,3
Bergen - Florida;SN50540;06.02.2023;6;0,7;9,3
Bergen - Florida;SN50540;07.02.2023;6,2;0,2;8,4
Bergen - Florida;SN50540;08.02.2023;7,2;8,8;12,6
Bergen - Florida;SN50540;09.02.2023;3,4;13,3;13,9
Bergen - Florida;SN50540;10.02.2023;4,1;8,6;11,9
Bergen - Florida;SN50540;11.02.2023;7,8;31,7;9,1
Bergen - Florida;SN50540;12.02.2023;7,8;3,6;5
Bergen - Florida;SN50540;13.02.2023;7,1;1,5;5
Bergen - Florida;SN50540;14.02.2023;6;0;7,3
Bergen - Florida;SN50540;15.02.2023;7,6;0;9,2
Bergen - Florida;SN50540;16.02.2023;6;6,1;9,5
Bergen - Florida;SN50540;17.02.2023;5,1;18,6;14,3
Bergen - Florida;SN50540;18.02.2023;1,8;13,8;10,3
Bergen - Florida;SN50540;19.02.2023;2,6;2,8;5,2
Bergen - Florida;SN50540;20.02.2023;6,9;34,7;10,6
Bergen - Florida;SN50540;21.02.2023;5,9;5;11,3
Bergen - Florida;SN50540;22.02.2023;5,3;1,2;8,8
Bergen - Florida;SN50540;23.02.2023;2,3;32,2;9,5
Bergen - Florida;SN50540;24.02.2023;2,9;8,7;11,1
Bergen - Florida;SN50540;25.02.2023;2,1;0;7,6
Bergen - Florida;SN50540;26.02.2023;2,4;0;5,1
Bergen - Florida;SN50540;27.02.2023;3,1;0;7,1
Bergen - Florida;SN50540;28.02.2023;4;0;8,4
Bergen - Florida;SN50540;01.03.2023;5;0;7,4
Bergen - Florida;SN50540;02.03.2023;2,7;0;6,5
Bergen - Florida;SN50540;03.03.2023;2,4;0;8,3
Bergen - Florida;SN50540;04.03.2023;0,8;1;10,4
Bergen - Florida;SN50540;05.03.2023;-1;1,1;7,1
Bergen - Florida;SN50540;06.03.2023;-1,3;0;5,1
Bergen - Florida;SN50540;07.03.2023;-1,4;0;5,4
Bergen - Florida;SN50540;08.03.2023;-3,1;0;5,6
Bergen - Florida;SN50540;09.03.2023;-4,6;3,5;5,4
Bergen - Florida;SN50540;10.03.2023;-3,8;0,8;3,8
Bergen - Florida;SN50540;11.03.2023;-2,1;5,9;9,8
Bergen - Florida;SN50540;12.03.2023;-0,4;8,2;9,9
Bergen - Florida;SN50540;13.03.2023;2,8;0,1;9
Bergen - Florida;SN50540;14.03.2023;1;4,7;8
Bergen - Florida;SN50540;15.03.2023;1,5;6;5,9
Bergen - Florida;SN50540;16.03.2023;2,7;0;11,5
Bergen - Florida;SN50540;17.03.2023;5,8;24;11,5
Bergen - Florida;SN50540;18.03.2023;4,3;28,5;4,5
Bergen - Florida;SN50540;19.03.2023;5,7;0,1;6,8
Bergen - Florida;SN50540;20.03.2023;3,9;16,3;6,1
Bergen - Florida;SN50540;21.03.2023;4,8;0,9;6,4
Bergen - Florida;SN50540;22.03.2023;7,1;13,2;10,3
Bergen - Florida;SN50540;23.03.2023;7;14,5;9,3
Bergen - Florida;SN50540;24.03.2023;6,7;32,2;8,6
Bergen - Florida;SN50540;25.03.2023;5,2;4,2;6,9
Bergen - Florida;SN50540;26.03.2023;2;0;9
Bergen - Florida;SN50540;27.03.2023;2,4;3,6;6,7
Bergen - Florida;SN50540;28.03.2023;1,5;0,5;8,7
Bergen - Florida;SN50540;29.03.2023;3,8;8,6;5,5
Bergen - Florida;SN50540;30.03.2023;4,7;0;3,7
Bergen - Florida;SN50540;31.03.2023;6,7;3,1;7,7
Bergen - Florida;SN50540;01.04.2023;4,1;0;6,7
Bergen - Florida;SN50540;02.04.2023;4,7;0;4,5
Bergen - Florida;SN50540;03.04.2023;5,4;0,8;5,9
Bergen - Florida;SN50540;04.04.2023;4,9;0,1;5,4
Bergen - Florida;SN50540;05.04.2023;6,4;0;10,8
Bergen - Florida;SN50540;06.04.2023;4,4;0;6,1
Bergen - Florida;SN50540;07.04.2023;7,1;0;4,2
Bergen - Florida;SN50540;08.04.2023;7,3;0;3,6
Bergen - Florida;SN50540;09.04.2023;7,6;0;5,1
Bergen - Florida;SN50540;10.04.2023;10,5;3;13,9
Bergen - Florida;SN50540;11.04.2023;9;0,4;12,9
Bergen - Florida;SN50540;12.04.2023;9,2;6,1;7,9
Bergen - Florida;SN50540;13.04.2023;10,3;0;10
Bergen - Florida;SN50540;14.04.2023;10,1;0,1;9,8
Bergen - Florida;SN50540;15.04.2023;9;0,1;5,2
Bergen - Florida;SN50540;16.04.2023;8,1;0;4,8
Bergen - Florida;SN50540;17.04.2023;9,5;0;5,3
Bergen - Florida;SN50540;18.04.2023;10,6;0,1;4,2
Bergen - Florida;SN50540;19.04.2023;11,5;0;5,1
Bergen - Florida;SN50540;20.04.2023;12,1;0,3;5,1
Bergen - Florida;SN50540;21.04.2023;11,4;0;4,7
Bergen - Florida;SN50540;22.04.2023;12,1;0;5,2
Bergen - Florida;SN50540;23.04.2023;9,4;0,3;6,2
Bergen - Florida;SN50540;24.04.2023;6,2;9;6,4
Bergen - Florida;SN50540;25.04.2023;5,4;0,4;11,4
Bergen - Florida;SN50540;26.04.2023;4,4;0,2;10,3
Bergen - Florida;SN50540;27.04.2023;4,1;4,2;7,8
Bergen - Florida;SN50540;28.04.2023;3,8;3,5;6,9
Bergen - Florida;SN50540;29.04.2023;4,5;11,9;9,6
Bergen - Florida;SN50540;30.04.2023;4,3;2,3;7
Bergen - Florida;SN50540;01.05.2023;5,2;1,5;9
Bergen - Florida;SN50540;02.05.2023;6,6;2,6;6,7
Bergen - Florida;SN50540;03.05.2023;7,5;1,5;6,4
Bergen - Florida;SN50540;04.05.2023;7,5;0,4;5,7
Bergen - Florida;SN50540;05.05.2023;8,9;0;6,3
Bergen - Florida;SN50540;06.05.2023;9,6;0;4,3
Bergen - Florida;SN50540;07.05.2023;10,7;0;6,4
Bergen - Florida;SN50540;08.05.2023;14;0,3;10,5
Bergen - Florida;SN50540;09.05.2023;12,8;1,6;8,7
Bergen - Florida;SN50540;10.05.2023;11,2;9,9;4,7
Bergen - Florida;SN50540;11.05.2023;11,7;8,6;3,9
Bergen - Florida;SN50540;12.05.2023;11,5;0;5,6
Bergen - Florida;SN50540;13.05.2023;10,2;0;4,7
Bergen - Florida;SN50540;14.05.2023;11,2;0;6,7
Bergen - Florida;SN50540;15.05.2023;8,5;0;5,3
Bergen - Florida;SN50540;16.05.2023;6,8;0;9,7
Bergen - Florida;SN50540;17.05.2023;6,2;3,3;9,6
Bergen - Florida;SN50540;18.05.2023;9,2;0;8,9
Bergen - Florida;SN50540;19.05.2023;10,5;3,3;6,5
Bergen - Florida;SN50540;20.05.2023;11,8;0,3;5,2
Bergen - Florida;SN50540;21.05.2023;12,9;0;6,3
Bergen - Florida;SN50540;22.05.2023;11,4;0;8,1
Bergen - Florida;SN50540;23.05.2023;10,9;2,1;7,3
Bergen - Florida;SN50540;24.05.2023;9,9;0,3;6,3
Bergen - Florida;SN50540;25.05.2023;9,6;5,2;6,6
Bergen - Florida;SN50540;26.05.2023;10;1,3;6,1
Bergen - Florida;SN50540;27.05.2023;8,8;3;8,9
Bergen - Florida;SN50540;28.05.2023;8,1;19,4;7,7
Bergen - Florida;SN50540;29.05.2023;8,1;0,1;5,4
Bergen - Florida;SN50540;30.05.2023;10,4;14,7;4,2
Bergen - Florida;SN50540;31.05.2023;10,3;2,5;5,6
Bergen - Florida;SN50540;01.06.2023;10,5;0,6;9,6
Bergen - Florida;SN50540;02.06.2023;12,4;0;7,4
Bergen - Florida;SN50540;03.06.2023;11,8;0,1;6,7
Bergen - Florida;SN50540;04.06.2023;13,9;0;5,6
Bergen - Florida;SN50540;05.06.2023;11,5;0;6,8
Bergen - Florida;SN50540;06.06.2023;12,5;0;7,2
Bergen - Florida;SN50540;07.06.2023;12,6;0;6,9
Bergen - Florida;SN50540;08.06.2023;14,8;0;7,2
Bergen - Florida;SN50540;09.06.2023;16,3;0;6,1
Bergen - Florida;SN50540;10.06.2023;16,8;0;6,9
Bergen - Florida;SN50540;11.06.2023;18,8;0;6,9
Bergen - Florida;SN50540;12.06.2023;17,1;0;7,4
Bergen - Florida;SN50540;13.06.2023;18,5;0;5,4
Bergen - Florida;SN50540;14.06.2023;19,4;0;5,7
Bergen - Florida;SN50540;15.06.2023;20,2;0;5,3
Bergen - Florida;SN50540;16.06.2023;18,5;0;5,5
Bergen - Florida;SN50540;17.06.2023;17,4;0;4,1
Bergen - Florida;SN50540;18.06.2023;18,9;0;8,8
Bergen - Florida;SN50540;19.06.2023;19,9;0;6,8
Bergen - Florida;SN50540;20.06.2023;20,1;0,3;5,1
Bergen - Florida;SN50540;21.06.2023;17,9;0,2;12
Bergen - Florida;SN50540;22.06.2023;14,7;7;7,8
Bergen - Florida;SN50540;23.06.2023;14,7;1,6;5
Bergen - Florida;SN50540;24.06.2023;17,4;0,3;4,6
Bergen - Florida;SN50540;26.06.2023;18,1;0;10
Bergen - Florida;SN50540;27.06.2023;15,1;47,1;8
Bergen - Florida;SN50540;28.06.2023;15,9;0;6,4
Bergen - Florida;SN50540;29.06.2023;15,1;10,5;6,5
Bergen - Florida;SN50540;30.06.2023;14,7;0,1;5,8
Bergen - Florida;SN50540;01.07.2023;17,2;3;5,6
Bergen - Florida;SN50540;02.07.2023;14,6;8,7;5,6
Bergen - Florida;SN50540;03.07.2023;13,5;2,6;5
Bergen - Florida;SN50540;04.07.2023;13,8;4,5;6,2
Bergen - Florida;SN50540;05.07.2023;15;0;7,3
Bergen - Florida;SN50540;06.07.2023;14,7;2,3;5,3
Bergen - Florida;SN50540;07.07.2023;15,6;3,1;6,2
Bergen - Florida;SN50540;08.07.2023;19,2;0;4,8
Bergen - Florida;SN50540;09.07.2023;21,4;0;5,2
Bergen - Florida;SN50540;10.07.2023;16,6;4;4,5
Bergen - Florida;SN50540;11.07.2023;16;10,9;6,8
Bergen - Florida;SN50540;12.07.2023;16,1;21;8,4
Bergen - Florida;SN50540;13.07.2023;13,7;4,6;7,1
Bergen - Florida;SN50540;14.07.2023;14,9;11,8;4,9
Bergen - Florida;SN50540;15.07.2023;16,2;0;8,4
Bergen - Florida;SN50540;16.07.2023;15,7;22,7;9,1
Bergen - Florida;SN50540;17.07.2023;13,9;22,2;6,9
Bergen - Florida;SN50540;18.07.2023;12,2;21,6;5,4
Bergen - Florida;SN50540;19.07.2023;11;23,1;4,9
Bergen - Florida;SN50540;20.07.2023;12,9;27,3;4,7
Bergen - Florida;SN50540;21.07.2023;13,1;0,1;4,4
Bergen - Florida;SN50540;22.07.2023;14;2;3,6
Bergen - Florida;SN50540;23.07.2023;16,2;1;5,6
Bergen - Florida;SN50540;24.07.2023;15,8;0,3;4,2
Bergen - Florida;SN50540;25.07.2023;14,3;0,7;4,1
Bergen - Florida;SN50540;26.07.2023;15,8;6,5;4,9
Bergen - Florida;SN50540;27.07.2023;16,4;0;5,7
Bergen - Florida;SN50540;28.07.2023;16,4;0;4,7
Bergen - Florida;SN50540;29.07.2023;17;0,3;4,8
Bergen - Florida;SN50540;30.07.2023;16;15,8;4,6
Bergen - Florida;SN50540;31.07.2023;16,9;1,8;4,5
Bergen - Florida;SN50540;01.08.2023;17,4;0;5,3
Bergen - Florida;SN50540;02.08.2023;17,6;0;5,5
Bergen - Florida;SN50540;03.08.2023;17,2;0;6
Bergen - Florida;SN50540;04.08.2023;15,2;0;7,8
Bergen - Florida;SN50540;05.08.2023;14,3;0;5,9
Bergen - Florida;SN50540;06.08.2023;15,6;0,3;4,9
Bergen - Florida;SN50540;07.08.2023;13,8;0;10,2
Bergen - Florida;SN50540;08.08.2023;11;24,1;12,1
Bergen - Florida;SN50540;09.08.2023;10,4;45,3;8,4
Bergen - Florida;SN50540;10.08.2023;11,1;23,2;4
Bergen - Florida;SN50540;11.08.2023;14,6;1,6;5,2
Bergen - Florida;SN50540;12.08.2023;17,4;2,9;9,3
Bergen - Florida;SN50540;13.08.2023;15,5;3,8;6,9
Bergen - Florida;SN50540;14.08.2023;16;24,3;7,2
Bergen - Florida;SN50540;15.08.2023;15,2;7,6;3,8
Bergen - Florida;SN50540;16.08.2023;14,6;15,3;4,1
Bergen - Florida;SN50540;17.08.2023;16,4;0,2;4,4
Bergen - Florida;SN50540;18.08.2023;19,1;0,4;3,3
Bergen - Florida;SN50540;19.08.2023;19,2;0,5;7,7
Bergen - Florida;SN50540;20.08.2023;18,1;3,1;6,7
Bergen - Florida;SN50540;21.08.2023;17,1;2,8;7,2
Bergen - Florida;SN50540;22.08.2023;16,8;0;6,4
Bergen - Florida;SN50540;23.08.2023;15;22;7,3
Bergen - Florida;SN50540;24.08.2023;14,6;4,8;3,5
Bergen - Florida;SN50540;25.08.2023;15,7;1,9;3,9
Bergen - Florida;SN50540;26.08.2023;15,4;3,3;4,6
Bergen - Florida;SN50540;27.08.2023;13,5;39,2;4,4
Bergen - Florida;SN50540;28.08.2023;13,3;28,8;3,8
Bergen - Florida;SN50540;29.08.2023;13,6;12;6,5
Bergen - Florida;SN50540;30.08.2023;14,9;0,1;4,3
Bergen - Florida;SN50540;31.08.2023;15,8;0;4,6
Bergen - Florida;SN50540;01.09.2023;13,9;0;5,7
Bergen - Florida;SN50540;02.09.2023;11,9;0;5,4
Bergen - Florida;SN50540;03.09.2023;13,5;4,2;7,6
Bergen - Florida;SN50540;04.09.2023;16;20,6;9,5
Bergen - Florida;SN50540;05.09.2023;14,5;12,4;7,3
Bergen - Florida;SN50540;06.09.2023;13,6;3,8;6,8
Bergen - Florida;SN50540;07.09.2023;16,3;0;5,1
Bergen - Florida;SN50540;08.09.2023;19,5;0;6,9
Bergen - Florida;SN50540;09.09.2023;17,6;0,4;6,6
Bergen - Florida;SN50540;10.09.2023;16,3;9,1;8,4
Bergen - Florida;SN50540;11.09.2023;15,9;21,3;9,4
Bergen - Florida;SN50540;12.09.2023;12;43,7;7,3
Bergen - Florida;SN50540;13.09.2023;10,5;3;5,8
Bergen - Florida;SN50540;14.09.2023;11,3;0;8
Bergen - Florida;SN50540;15.09.2023;13,1;5;5,8
Bergen - Florida;SN50540;16.09.2023;11,6;2,5;4,2
Bergen - Florida;SN50540;17.09.2023;11,5;0,2;5,7
Bergen - Florida;SN50540;18.09.2023;15,9;2,1;10,6
Bergen - Florida;SN50540;19.09.2023;11,8;19,6;9
Bergen - Florida;SN50540;20.09.2023;13,2;8,7;7,9
Bergen - Florida;SN50540;21.09.2023;14,4;52,8;7,9
Bergen - Florida;SN50540;22.09.2023;13,6;2,2;7,8
Bergen - Florida;SN50540;23.09.2023;11;13,6;5,6
Bergen - Florida;SN50540;24.09.2023;12;13,6;10,5
Bergen - Florida;SN50540;25.09.2023;15,5;17,1;10,5
Bergen - Florida;SN50540;26.09.2023;16,4;12,6;8,8
Bergen - Florida;SN50540;27.09.2023;14,6;8,4;6,7
Bergen - Florida;SN50540;28.09.2023;15,6;0;11,6
Bergen - Florida;SN50540;29.09.2023;13,6;24,7;8,2
Bergen - Florida;SN50540;30.09.2023;11,3;25,4;7,4
Bergen - Florida;SN50540;01.10.2023;11;11,2;8,6
Bergen - Florida;SN50540;02.10.2023;12,6;7,9;9,3
Bergen - Florida;SN50540;03.10.2023;11,9;2,6;5,5
Bergen - Florida;SN50540;04.10.2023;10,7;20,5;6,5
Bergen - Florida;SN50540;05.10.2023;9,8;0,8;3,9
Bergen - Florida;SN50540;06.10.2023;11,1;4,3;10,8
Bergen - Florida;SN50540;07.10.2023;7,4;27,5;12,5
Bergen - Florida;SN50540;08.10.2023;5,1;0;5,5
Bergen - Florida;SN50540;09.10.2023;6,5;0;5,7
Bergen - Florida;SN50540;10.10.2023;11,1;1,2;9,5
Bergen - Florida;SN50540;11.10.2023;8,8;45,2;12,4
Bergen - Florida;SN50540;12.10.2023;8,6;15,6;9,2
Bergen - Florida;SN50540;13.10.2023;9,1;4,5;7,8
Bergen - Florida;SN50540;14.10.2023;7,6;16,2;13,6
Bergen - Florida;SN50540;15.10.2023;5,6;17,9;11,5
Bergen - Florida;SN50540;16.10.2023;6,3;8,3;7,5
Bergen - Florida;SN50540;17.10.2023;9,3;31;7,1
Bergen - Florida;SN50540;18.10.2023;6,2;2,5;2,9
Bergen - Florida;SN50540;19.10.2023;6,8;0;11,9
Bergen - Florida;SN50540;20.10.2023;5,5;0;15,8
Bergen - Florida;SN50540;21.10.2023;7,1;0;13,6
Bergen - Florida;SN50540;22.10.2023;10,2;0;7,6
Bergen - Florida;SN50540;23.10.2023;8,5;0,2;4,8
Bergen - Florida;SN50540;24.10.2023;6,6;1,8;2,1
Bergen - Florida;SN50540;25.10.2023;8;0;8,1
Bergen - Florida;SN50540;26.10.2023;3,5;0;5,2
Bergen - Florida;SN50540;27.10.2023;3,4;0;2,3
Bergen - Florida;SN50540;28.10.2023;3,9;0;3,3
Bergen - Florida;SN50540;29.10.2023;2,9;0;6,7
Bergen - Florida;SN50540;30.10.2023;3,3;0;7,6
Bergen - Florida;SN50540;31.10.2023;1,4;0;5,2
Bergen - Florida;SN50540;01.11.2023;4,3;0;6,7
Bergen - Florida;SN50540;02.11.2023;9,4;4,1;11,2
Bergen - Florida;SN50540;03.11.2023;10,8;0,2;15,8
Bergen - Florida;SN50540;04.11.2023;11,7;0,2;12,1
Bergen - Florida;SN50540;05.11.2023;7,4;0,6;7
Bergen - Florida;SN50540;06.11.2023;5,1;0;2,3
Bergen - Florida;SN50540;07.11.2023;4;0;2,1
Bergen - Florida;SN50540;08.11.2023;4,4;0;5,7
Bergen - Florida;SN50540;09.11.2023;6,9;2,2;7,9
Bergen - Florida;SN50540;10.11.2023;3;0,2;3,4
Bergen - Florida;SN50540;11.11.2023;2,7;0,2;2,7
Bergen - Florida;SN50540;12.11.2023;0,6;0;2,1
Bergen - Florida;SN50540;13.11.2023;3,9;0;5,6
Bergen - Florida;SN50540;14.11.2023;2,2;0;7,6
Bergen - Florida;SN50540;15.11.2023;2,1;0,3;4,3
Bergen - Florida;SN50540;16.11.2023;2,7;1,8;3,4
Bergen - Florida;SN50540;17.11.2023;-0,6;0,4;2,7
Bergen - Florida;SN50540;18.11.2023;2,6;0;4,4
Bergen - Florida;SN50540;19.11.2023;5,9;0,1;11,6
Bergen - Florida;SN50540;20.11.2023;3,6;0;1,6
Bergen - Florida;SN50540;21.11.2023;2,4;0;5,4
Bergen - Florida;SN50540;22.11.2023;6,7;11,8;10
Bergen - Florida;SN50540;23.11.2023;4,4;42,5;14,1
Bergen - Florida;SN50540;24.11.2023;3,1;11,6;14,9
Bergen - Florida;SN50540;25.11.2023;2,3;2,4;7,7
Bergen - Florida;SN50540;26.11.2023;2,7;0,1;7,1
Bergen - Florida;SN50540;27.11.2023;1;2,8;5,1
Bergen - Florida;SN50540;28.11.2023;-3,3;0;9
Bergen - Florida;SN50540;29.11.2023;-0,7;0;10,4
Bergen - Florida;SN50540;30.11.2023;-2,5;0;5
Bergen - Florida;SN50540;01.12.2023;-4,3;0;2,5
Bergen - Florida;SN50540;02.12.2023;-1,3;2,9;4,2
Bergen - Florida;SN50540;03.12.2023;-1,1;0,9;4,4
Bergen - Florida;SN50540;04.12.2023;-3,2;1,2;2,4
Bergen - Florida;SN50540;05.12.2023;-2,2;0;4
Bergen - Florida;SN50540;06.12.2023;1,7;0,8;5,2
Bergen - Florida;SN50540;07.12.2023;-1,1;0;5,7
Bergen - Florida;SN50540;08.12.2023;-1,9;0;5
Bergen - Florida;SN50540;09.12.2023;3,6;0;7,1
Bergen - Florida;SN50540;10.12.2023;3,2;0,2;7,2
Bergen - Florida;SN50540;11.12.2023;-0,4;0;7,9
Bergen - Florida;SN50540;12.12.2023;0,8;0;4,2
Bergen - Florida;SN50540;13.12.2023;1;0,4;4,9
Bergen - Florida;SN50540;14.12.2023;1,3;1,6;9,8
Bergen - Florida;SN50540;15.12.2023;7;13,8;7
Bergen - Florida;SN50540;16.12.2023;8;36,4;9,5
Bergen - Florida;SN50540;17.12.2023;8,2;32,9;7,5
Bergen - Florida;SN50540;18.12.2023;7,1;45;7
Bergen - Florida;SN50540;19.12.2023;4,4;12,9;9,4
Bergen - Florida;SN50540;20.12.2023;2;19,4;7,9
Bergen - Florida;SN50540;21.12.2023;2,6;14,5;17,4
Bergen - Florida;SN50540;22.12.2023;-0,4;11,8;15,3
Bergen - Florida;SN50540;23.12.2023;-3,8;7,8;4,8
Bergen - Florida;SN50540;24.12.2023;1,7;0;10,1
Bergen - Florida;SN50540;25.12.2023;2,8;29,5;11,5
Bergen - Florida;SN50540;26.12.2023;1,9;7,5;7,1
Bergen - Florida;SN50540;27.12.2023;-1;0,9;8,3
Bergen - Florida;SN50540;28.12.2023;4,1;3,2;15
Bergen - Florida;SN50540;29.12.2023;4;9,6;6,7
Bergen - Florida;SN50540;30.12.2023;0;2,6;4,2
Bergen - Florida;SN50540;31.12.2023;4,8;0;14,3
Bergen - Florida;SN50540;01.01.2024;4,1;0;15
Bergen - Florida;SN50540;02.01.2024;2;0;13,6
Bergen - Florida;SN50540;03.01.2024;-1,5;0;16
Bergen - Florida;SN50540;04.01.2024;-4,6;0;2,9
Bergen - Florida;SN50540;05.01.2024;-6,9;0;3,1
Bergen - Florida;SN50540;06.01.2024;-7,5;0;3,2
Bergen - Florida;SN50540;07.01.2024;-4,8;0;5,4
Bergen - Florida;SN50540;08.01.2024;-2,1;0;2,3
Bergen - Florida;SN50540;09.01.2024;0,2;0;6,6
Bergen - Florida;SN50540;10.01.2024;-1,6;0;6,5
Bergen - Florida;SN50540;11.01.2024;2;0;6,5
Bergen - Florida;SN50540;12.01.2024;2,5;0;5,2
Bergen - Florida;SN50540;13.01.2024;3,4;20,9;9,9
Bergen - Florida;SN50540;14.01.2024;1;5,3;6,6
Bergen - Florida;SN50540;15.01.2024;-2,9;5,6;7,2
Bergen - Florida;SN50540;16.01.2024;-3,1;2,3;7,6
Bergen - Florida;SN50540;17.01.2024;-5,1;10,2;4,4
Bergen - Florida;SN50540;18.01.2024;-3,2;3,2;6
Bergen - Florida;SN50540;19.01.2024;-0,3;18;9,3
Bergen - Florida;SN50540;20.01.2024;-0,5;7,8;10,3
Bergen - Florida;SN50540;21.01.2024;4,3;6,9;10,9
Bergen - Florida;SN50540;22.01.2024;6,9;36,7;16,1
Bergen - Florida;SN50540;23.01.2024;4,8;19,2;12,5
Bergen - Florida;SN50540;24.01.2024;6,9;14;13,5
Bergen - Florida;SN50540;25.01.2024;5,1;13,2;10,8
Bergen - Florida;SN50540;26.01.2024;5,3;4,2;12
Bergen - Florida;SN50540;27.01.2024;6,8;22,2;8,8
Bergen - Florida;SN50540;28.01.2024;7,3;3,1;13,1
Bergen - Florida;SN50540;29.01.2024;5,2;16,9;11,1
Bergen - Florida;SN50540;30.01.2024;1,3;0;3,7
Bergen - Florida;SN50540;31.01.2024;4,8;0;14
Bergen - Florida;SN50540;01.02.2024;3,3;36,5;13,5
Bergen - Florida;SN50540;02.02.2024;7;26,5;9,4
Bergen - Florida;SN50540;03.02.2024;4,7;34,5;10,8
Bergen - Florida;SN50540;04.02.2024;2,9;15,6;8,8
Bergen - Florida;SN50540;05.02.2024;-0,4;12,7;10,9
Bergen - Florida;SN50540;06.02.2024;-2,1;0;6,1
Bergen - Florida;SN50540;07.02.2024;-2;6,5;7,7
Bergen - Florida;SN50540;08.02.2024;-3,3;9,3;5,9
Bergen - Florida;SN50540;09.02.2024;-5,2;0;2,3
Bergen - Florida;SN50540;10.02.2024;-1,5;0,1;7,9
Bergen - Florida;SN50540;11.02.2024;1,2;0;5,6
Bergen - Florida;SN50540;12.02.2024;2,7;4,5;5,9
Bergen - Florida;SN50540;13.02.2024;3,2;3,1;9,9
Bergen - Florida;SN50540;14.02.2024;4,6;16,4;8
Bergen - Florida;SN50540;15.02.2024;3,8;5,4;4
Bergen - Florida;SN50540;16.02.2024;5,4;18,3;6,2
Bergen - Florida;SN50540;17.02.2024;1,4;8,6;5,8
Bergen - Florida;SN50540;18.02.2024;4;0;6,5
Bergen - Florida;SN50540;19.02.2024;5,8;7,8;7,8
Bergen - Florida;SN50540;20.02.2024;6,4;8,5;7,9
Bergen - Florida;SN50540;21.02.2024;6,3;19,1;9,7
Bergen - Florida;SN50540;22.02.2024;5,9;9,4;13,1
Bergen - Florida;SN50540;23.02.2024;3;27,7;7,8
Bergen - Florida;SN50540;24.02.2024;5,3;28;7,4
Bergen - Florida;SN50540;25.02.2024;3,6;1;6,3
Bergen - Florida;SN50540;26.02.2024;3,1;15,2;5,5
Bergen - Florida;SN50540;27.02.2024;3,5;0,7;10,3
Bergen - Florida;SN50540;28.02.2024;6,2;13,1;8,3
Bergen - Florida;SN50540;29.02.2024;6,9;6,6;10,8
Bergen - Florida;SN50540;01.03.2024;5,6;6,2;7
Bergen - Florida;SN50540;02.03.2024;7,5;9,3;11,4
Bergen - Florida;SN50540;03.03.2024;8,1;0;5
Bergen - Florida;SN50540;04.03.2024;9,2;0;7
Bergen - Florida;SN50540;05.03.2024;5,9;1,4;8,6
Bergen - Florida;SN50540;06.03.2024;2,9;0;5,9
Bergen - Florida;SN50540;07.03.2024;3,8;0,1;2,7
Bergen - Florida;SN50540;08.03.2024;2,5;0;2,9
Bergen - Florida;SN50540;09.03.2024;2,9;0;3,3
Bergen - Florida;SN50540;10.03.2024;2,6;0;3,9
Bergen - Florida;SN50540;11.03.2024;3,3;0;3,5
Bergen - Florida;SN50540;12.03.2024;4,4;0;3,8
Bergen - Florida;SN50540;13.03.2024;7,3;0;11,9
Bergen - Florida;SN50540;14.03.2024;6,9;30,4;9,7
Bergen - Florida;SN50540;15.03.2024;5,7;0,2;6,9
Bergen - Florida;SN50540;16.03.2024;5;8,1;10,1
Bergen - Florida;SN50540;17.03.2024;3,8;0;8
Bergen - Florida;SN50540;18.03.2024;5,8;3,1;9,8
Bergen - Florida;SN50540;19.03.2024;7,3;1,9;12
Bergen - Florida;SN50540;20.03.2024;5,5;14,8;7,7
Bergen - Florida;SN50540;21.03.2024;4,3;0;9,5
Bergen - Florida;SN50540;22.03.2024;6;12,1;8,2
Bergen - Florida;SN50540;23.03.2024;5,3;29,4;9,5
Bergen - Florida;SN50540;24.03.2024;6,1;10,3;6,8
Bergen - Florida;SN50540;25.03.2024;3,6;0;6,5
Bergen - Florida;SN50540;26.03.2024;2,3;0;4,8
Bergen - Florida;SN50540;27.03.2024;7,6;2,9;9,6
Bergen - Florida;SN50540;28.03.2024;7,2;7,5;5,9
Bergen - Florida;SN50540;29.03.2024;7,9;10,2;9,8
Bergen - Florida;SN50540;30.03.2024;9,3;4,9;8,1
Bergen - Florida;SN50540;31.03.2024;6,5;10,2;4,6
Bergen - Florida;SN50540;01.04.2024;7,5;1,8;4,7
Bergen - Florida;SN50540;02.04.2024;8;0;5,6
Bergen - Florida;SN50540;03.04.2024;4,2;0;7,4
Bergen - Florida;SN50540;04.04.2024;1,5;2,5;6,1
Bergen - Florida;SN50540;05.04.2024;3,1;4,6;3,6
Bergen - Florida;SN50540;06.04.2024;8,5;0;10,3
Bergen - Florida;SN50540;07.04.2024;9,6;8,9;10,6
Bergen - Florida;SN50540;08.04.2024;9,4;7,1;11,5
Bergen - Florida;SN50540;09.04.2024;10,3;0;6,7
Bergen - Florida;SN50540;10.04.2024;7;16,1;8,2
Bergen - Florida;SN50540;11.04.2024;8,4;15,1;11,3
Bergen - Florida;SN50540;12.04.2024;9,5;11,6;8,8
Bergen - Florida;SN50540;13.04.2024;8,7;12,5;8,4
Bergen - Florida;SN50540;14.04.2024;6,3;16,3;8,2
Bergen - Florida;SN50540;15.04.2024;7,8;0,2;9,6
Bergen - Florida;SN50540;16.04.2024;5,3;0;5,2
Bergen - Florida;SN50540;17.04.2024;6,2;1,9;5,6
Bergen - Florida;SN50540;18.04.2024;5,1;0;8,3
Bergen - Florida;SN50540;19.04.2024;5,2;0,3;7,2
Bergen - Florida;SN50540;20.04.2024;5,9;0,7;9,9
Bergen - Florida;SN50540;21.04.2024;5,7;0;5,3
Bergen - Florida;SN50540;22.04.2024;6;0;4,2
Bergen - Florida;SN50540;23.04.2024;6,6;0;9,2
Bergen - Florida;SN50540;24.04.2024;5,7;0;8,6
Bergen - Florida;SN50540;25.04.2024;6,1;0;4,4
Bergen - Florida;SN50540;26.04.2024;8;0,2;4,9
Bergen - Florida;SN50540;27.04.2024;7,6;0,3;4,6
Bergen - Florida;SN50540;28.04.2024;9,8;0;7,8
Bergen - Florida;SN50540;29.04.2024;10,3;1,1;12,5
Bergen - Florida;SN50540;30.04.2024;14,7;1,1;10,3
Bergen - Florida;SN50540;01.05.2024;15,6;5,4;7,1
Bergen - Florida;SN50540;02.05.2024;17,8;1,1;6,7
Bergen - Florida;SN50540;03.05.2024;17,7;0;6,4
Bergen - Florida;SN50540;04.05.2024;14,7;0;5,8
Bergen - Florida;SN50540;05.05.2024;11,6;0;4,4
Bergen - Florida;SN50540;06.05.2024;12,9;0;4,8
Bergen - Florida;SN50540;07.05.2024;11,6;0;5,4
Bergen - Florida;SN50540;08.05.2024;9,9;1,2;5,6
Bergen - Florida;SN50540;09.05.2024;9,6;5;7,1
Bergen - Florida;SN50540;10.05.2024;9,8;18;4,4
Bergen - Florida;SN50540;11.05.2024;14,5;0,1;4,8
Bergen - Florida;SN50540;12.05.2024;15,7;0;5,2
Bergen - Florida;SN50540;13.05.2024;17,4;0;8,5
Bergen - Florida;SN50540;14.05.2024;20,3;0;9,2
Bergen - Florida;SN50540;15.05.2024;18,9;0;6,4
Bergen - Florida;SN50540;16.05.2024;19,3;0;7,6
Bergen - Florida;SN50540;17.05.2024;19;0;6,5
Bergen - Florida;SN50540;18.05.2024;18,2;0;6,1
Bergen - Florida;SN50540;19.05.2024;13,8;0,3;8,2
Bergen - Florida;SN50540;20.05.2024;16,8;0;7
Bergen - Florida;SN50540;21.05.2024;19,4;0;5,5
Bergen - Florida;SN50540;22.05.2024;20,9;0;6,4
Bergen - Florida;SN50540;23.05.2024;21,4;0;9,2
Bergen - Florida;SN50540;24.05.2024;15,4;0;7,4
Bergen - Florida;SN50540;25.05.2024;18,2;1,7;3,8
Bergen - Florida;SN50540;26.05.2024;18,9;0;7
Bergen - Florida;SN50540;27.05.2024;15,8;1,9;7,6
Bergen - Florida;SN50540;28.05.2024;14,4;16,1;7,2
Bergen - Florida;SN50540;29.05.2024;14,6;8,4;4,9
Bergen - Florida;SN50540;30.05.2024;16;0,1;7
Bergen - Florida;SN50540;31.05.2024;14,9;2,2;6,3
Bergen - Florida;SN50540;01.06.2024;14,9;0;7,9
Bergen - Florida;SN50540;02.06.2024;14;0;7
Bergen - Florida;SN50540;03.06.2024;12;7,1;6,1
Bergen - Florida;SN50540;04.06.2024;10,8;2,6;12,9
Bergen - Florida;SN50540;05.06.2024;9,8;32,6;6,2
Bergen - Florida;SN50540;06.06.2024;8,8;7,9;6,7
Bergen - Florida;SN50540;07.06.2024;9,4;18,7;8,4
Bergen - Florida;SN50540;08.06.2024;9,1;20,8;8,5
Bergen - Florida;SN50540;09.06.2024;9,4;4,8;7,9
Bergen - Florida;SN50540;10.06.2024;12,4;10,4;10,7
Bergen - Florida;SN50540;11.06.2024;12,5;0;9,9
Bergen - Florida;SN50540;12.06.2024;11,2;0;7,6
Bergen - Florida;SN50540;13.06.2024;10,1;0,1;6,6
Bergen - Florida;SN50540;14.06.2024;13,8;0,1;5,8
Bergen - Florida;SN50540;15.06.2024;17,2;1,1;10
Bergen - Florida;SN50540;16.06.2024;14,7;1,5;10,9
Bergen - Florida;SN50540;17.06.2024;13,7;11,2;8,1
Bergen - Florida;SN50540;18.06.2024;13,7;2,4;5,1
Bergen - Florida;SN50540;19.06.2024;12,5;1,2;8,3
Bergen - Florida;SN50540;20.06.2024;12,3;3,7;7,2
Bergen - Florida;SN50540;21.06.2024;14,5;0,1;6,4
Bergen - Florida;SN50540;22.06.2024;14,7;0,1;3,9
Bergen - Florida;SN50540;23.06.2024;13,3;3,4;6,1
Bergen - Florida;SN50540;24.06.2024;15,2;3,2;5
Bergen - Florida;SN50540;25.06.2024;17,2;0;10,4
Bergen - Florida;SN50540;26.06.2024;19,3;0,1;4
Bergen - Florida;SN50540;27.06.2024;22,8;0;9,5
Bergen - Florida;SN50540;28.06.2024;15,1;6,4;12,7
Bergen - Florida;SN50540;29.06.2024;12,4;22,8;7
Bergen - Florida;SN50540;30.06.2024;12,9;9,8;5,3
Bergen - Florida;SN50540;01.07.2024;12;8;4,7
Bergen - Florida;SN50540;02.07.2024;11,7;6,1;6,7
Bergen - Florida;SN50540;03.07.2024;12,4;1,8;5,7
Bergen - Florida;SN50540;04.07.2024;12,6;0,1;8
Bergen - Florida;SN50540;05.07.2024;13,1;4,2;5,1
Bergen - Florida;SN50540;06.07.2024;13,9;0,1;4,5
Bergen - Florida;SN50540;07.07.2024;12,7;0,7;6,5
Bergen - Florida;SN50540;08.07.2024;12,6;5;4,8
Bergen - Florida;SN50540;09.07.2024;15,4;8,4;4,4
Bergen - Florida;SN50540;10.07.2024;14,8;0;5,1
Bergen - Florida;SN50540;11.07.2024;17,1;21,8;5,8
Bergen - Florida;SN50540;12.07.2024;17,3;0;3,8
Bergen - Florida;SN50540;13.07.2024;20,1;0,8;5
Bergen - Florida;SN50540;14.07.2024;18,4;0;5,5
Bergen - Florida;SN50540;15.07.2024;16,6;22,1;4,4
Bergen - Florida;SN50540;16.07.2024;16,6;1,7;4,5
Bergen - Florida;SN50540;17.07.2024;15;0;4,7
Bergen - Florida;SN50540;18.07.2024;16,2;0,4;4
Bergen - Florida;SN50540;19.07.2024;19;0,1;7,5
Bergen - Florida;SN50540;20.07.2024;22,3;0;6,9
Bergen - Florida;SN50540;21.07.2024;19;0;10
Bergen - Florida;SN50540;22.07.2024;15,9;31,7;5,9
Bergen - Florida;SN50540;23.07.2024;16;0;7,9
Bergen - Florida;SN50540;24.07.2024;16,1;0;8,4
Bergen - Florida;SN50540;25.07.2024;15,4;0;7,1
Bergen - Florida;SN50540;26.07.2024;16,2;19,7;6,8
Bergen - Florida;SN50540;27.07.2024;15,2;15;5
Bergen - Florida;SN50540;28.07.2024;14,8;0,4;4,3
Bergen - Florida;SN50540;29.07.2024;16,5;1,8;5,9
Bergen - Florida;SN50540;30.07.2024;16;0;8,8
Bergen - Florida;SN50540;31.07.2024;15;1,9;4,7
Bergen - Florida;SN50540;01.08.2024;15,7;0,8;4,9
Bergen - Florida;SN50540;02.08.2024;16,8;0;4,6
Bergen - Florida;SN50540;03.08.2024;16,6;0;5,7
Bergen - Florida;SN50540;04.08.2024;14,7;30;6,4
Bergen - Florida;SN50540;05.08.2024;16,6;1,4;5,9
Bergen - Florida;SN50540;06.08.2024;20;2,1;8
Bergen - Florida;SN50540;07.08.2024;17,4;6,6;8,8
Bergen - Florida;SN50540;08.08.2024;15,4;20,4;8,3
Bergen - Florida;SN50540;09.08.2024;14,4;7,2;7,4
Bergen - Florida;SN50540;10.08.2024;13,5;40,3;6,5
Bergen - Florida;SN50540;11.08.2024;13,9;22,5;6
Bergen - Florida;SN50540;12.08.2024;15,5;0,1;5,6
Bergen - Florida;SN50540;13.08.2024;17,4;0,3;6,1
Bergen - Florida;SN50540;14.08.2024;15,6;2,3;6,5
Bergen - Florida;SN50540;15.08.2024;13,8;4,6;7,2
Bergen - Florida;SN50540;16.08.2024;13,9;47,8;8,2
Bergen - Florida;SN50540;17.08.2024;14,7;10,2;7,1
Bergen - Florida;SN50540;18.08.2024;14;10,1;7,4
Bergen - Florida;SN50540;19.08.2024;14,2;11,7;9
Bergen - Florida;SN50540;20.08.2024;16;1,9;11,3
Bergen - Florida;SN50540;21.08.2024;14,6;13,3;7,7
Bergen - Florida;SN50540;22.08.2024;13,7;11,4;9,9
Bergen - Florida;SN50540;23.08.2024;13;33,9;6,7
Bergen - Florida;SN50540;24.08.2024;12,8;9,5;7,9
Bergen - Florida;SN50540;25.08.2024;12,5;45,9;7,2
Bergen - Florida;SN50540;26.08.2024;12,8;46,4;9,3
Bergen - Florida;SN50540;27.08.2024;13,9;12,4;10,4
Bergen - Florida;SN50540;28.08.2024;17,5;41,5;8,8
Bergen - Florida;SN50540;29.08.2024;16,8;2,6;8,8
Bergen - Florida;SN50540;30.08.2024;13,1;33,6;6,6
Bergen - Florida;SN50540;31.08.2024;12,9;2,6;5,7
Bergen - Florida;SN50540;01.09.2024;14,4;0;4
Bergen - Florida;SN50540;02.09.2024;15,5;0;4,3
Bergen - Florida;SN50540;03.09.2024;15,8;1,4;9,5
Bergen - Florida;SN50540;04.09.2024;16,5;13;3,5
Bergen - Florida;SN50540;05.09.2024;20,1;3,2;3,8
Bergen - Florida;SN50540;06.09.2024;20,1;0;3,8
Bergen - Florida;SN50540;07.09.2024;19,4;0;2,8
Bergen - Florida;SN50540;08.09.2024;18;0;5,6
Bergen - Florida;SN50540;09.09.2024;12,9;27,8;8,3
Bergen - Florida;SN50540;10.09.2024;11;17,9;11
Bergen - Florida;SN50540;11.09.2024;10,4;16;13,4
Bergen - Florida;SN50540;12.09.2024;9,7;36,2;6,7
Bergen - Florida;SN50540;13.09.2024;8,9;14,3;4,5
Bergen - Florida;SN50540;14.09.2024;11,4;1,6;9,2
Bergen - Florida;SN50540;15.09.2024;13,6;3,4;10,5
Bergen - Florida;SN50540;16.09.2024;12,1;16,5;3,8
Bergen - Florida;SN50540;17.09.2024;12,8;0,2;4,3
Bergen - Florida;SN50540;18.09.2024;15;0;3,1
Bergen - Florida;SN50540;19.09.2024;14,7;0;4,3
Bergen - Florida;SN50540;20.09.2024;14,1;0;4
Bergen - Florida;SN50540;21.09.2024;12,8;0;2,8
Bergen - Florida;SN50540;22.09.2024;13,1;0;4,8
Bergen - Florida;SN50540;23.09.2024;12,2;0;3,8
Bergen - Florida;SN50540;24.09.2024;10,6;0;3,4
Bergen - Florida;SN50540;25.09.2024;10;0;6,4
Bergen - Florida;SN50540;26.09.2024;9,1;0;6,6
Bergen - Florida;SN50540;27.09.2024;8,6;0;8,8
Bergen - Florida;SN50540;28.09.2024;5,4;4,2;8,4
Bergen - Florida;SN50540;29.09.2024;7,7;8;7,2
Bergen - Florida;SN50540;30.09.2024;11,4;0,3;6,5
Bergen - Florida;SN50540;01.10.2024;10,4;0;3,3
Bergen - Florida;SN50540;02.10.2024;9;0;6,1
Bergen - Florida;SN50540;03.10.2024;9;0;3,9
Bergen - Florida;SN50540;04.10.2024;8,8;0;2,7
Bergen - Florida;SN50540;05.10.2024;11,4;0,1;7,1
Bergen - Florida;SN50540;06.10.2024;12;15,6;6,5
Bergen - Florida;SN50540;07.10.2024;11,8;0,3;5,4
Bergen - Florida;SN50540;08.10.2024;11,8;3,5;6,7
Bergen - Florida;SN50540;09.10.2024;10,3;8,5;4,8
Bergen - Florida;SN50540;10.10.2024;6,9;13,2;11
Bergen - Florida;SN50540;11.10.2024;4,2;4,1;5,5
Bergen - Florida;SN50540;12.10.2024;6,8;7,9;11,7
Bergen - Florida;SN50540;13.10.2024;7,2;13;9,2
Bergen - Florida;SN50540;14.10.2024;5,5;8,3;7,3
Bergen - Florida;SN50540;15.10.2024;8,9;0;8,8
Bergen - Florida;SN50540;16.10.2024;13,7;0,1;9,9
Bergen - Florida;SN50540;17.10.2024;15,8;0,1;10,5
Bergen - Florida;SN50540;18.10.2024;13,6;11;8,4
Bergen - Florida;SN50540;19.10.2024;14,2;0;8
Bergen - Florida;SN50540;20.10.2024;12,1;25,5;11,7
Bergen - Florida;SN50540;21.10.2024;11,8;23,5;12,6
Bergen - Florida;SN50540;22.10.2024;10,5;6,5;7,9
Bergen - Florida;SN50540;23.10.2024;10,4;14,3;7,8
Bergen - Florida;SN50540;24.10.2024;12,4;13,5;12,7
Bergen - Florida;SN50540;25.10.2024;11,5;0;7,9
Bergen - Florida;SN50540;26.10.2024;11,8;0,4;8,2
Bergen - Florida;SN50540;27.10.2024;8,9;26,8;9
Bergen - Florida;SN50540;28.10.2024;7,8;3,7;4,8
Bergen - Florida;SN50540;29.10.2024;7,3;0,9;6,7
Bergen - Florida;SN50540;30.10.2024;8,9;7,4;6,9
Bergen - Florida;SN50540;31.10.2024;11,3;49,7;7,4
Bergen - Florida;SN50540;01.11.2024;6;65,7;14,2
Bergen - Florida;SN50540;02.11.2024;4;1,6;10,7
Bergen - Florida;SN50540;03.11.2024;10,3;26,1;9,3
Bergen - Florida;SN50540;04.11.2024;10,2;5,9;3,5
Bergen - Florida;SN50540;05.11.2024;8,8;3,8;3
Bergen - Florida;SN50540;06.11.2024;9;0,2;5,5
Bergen - Florida;SN50540;07.11.2024;10,4;1;4,5
Bergen - Florida;SN50540;08.11.2024;10,8;0;5,3
Bergen - Florida;SN50540;09.11.2024;9,1;0;3,2
Bergen - Florida;SN50540;10.11.2024;7,8;0,2;5,2
Bergen - Florida;SN50540;11.11.2024;7,5;2,4;5,9
Bergen - Florida;SN50540;12.11.2024;7,4;1,2;3
Bergen - Florida;SN50540;13.11.2024;8,7;1,9;5,3
Bergen - Florida;SN50540;14.11.2024;7;2,5;5,4
Bergen - Florida;SN50540;15.11.2024;9,4;2,3;9
Bergen - Florida;SN50540;16.11.2024;5,3;27,9;11,1
Bergen - Florida;SN50540;17.11.2024;4,4;14,9;8,1
Bergen - Florida;SN50540;18.11.2024;1,4;5,5;6,8
Bergen - Florida;SN50540;19.11.2024;-1,1;0;2,7
Bergen - Florida;SN50540;20.11.2024;-2,4;0;3
Bergen - Florida;SN50540;21.11.2024;-3,5;0;2,7
Bergen - Florida;SN50540;22.11.2024;-2,6;0;4,9
Bergen - Florida;SN50540;23.11.2024;-0,3;6,3;5,2
Bergen - Florida;SN50540;24.11.2024;8,3;1,4;11,6
Bergen - Florida;SN50540;25.11.2024;8,8;23,4;9,3
Bergen - Florida;SN50540;26.11.2024;7;19,4;12
Bergen - Florida;SN50540;27.11.2024;4,8;0,7;4,8
Bergen - Florida;SN50540;28.11.2024;1,7;0,1;3,5
Bergen - Florida;SN50540;29.11.2024;6,3;0,1;8
Bergen - Florida;SN50540;30.11.2024;9;35,7;9,3
Bergen - Florida;SN50540;01.12.2024;10,4;19,2;11,3
Bergen - Florida;SN50540;02.12.2024;5,6;55,8;10,9
Bergen - Florida;SN50540;03.12.2024;1,9;0;9,7
Bergen - Florida;SN50540;04.12.2024;4,1;0;11
Bergen - Florida;SN50540;05.12.2024;7,1;1,6;16,8
Bergen - Florida;SN50540;06.12.2024;5,8;9,4;11,4
Bergen - Florida;SN50540;07.12.2024;5,3;18,9;5,7
Bergen - Florida;SN50540;08.12.2024;3,9;0,1;7,3
Bergen - Florida;SN50540;09.12.2024;-0,9;0;4
Bergen - Florida;SN50540;10.12.2024;1,2;0;2,6
Bergen - Florida;SN50540;11.12.2024;3;1,1;2,5
Bergen - Florida;SN50540;12.12.2024;5;0;4,1
Bergen - Florida;SN50540;13.12.2024;6,1;14;7
Bergen - Florida;SN50540;14.12.2024;3,4;56,7;6,5
Bergen - Florida;SN50540;15.12.2024;6,8;7,8;11,3
Bergen - Florida;SN50540;16.12.2024;6,2;34,8;13,3
Bergen - Florida;SN50540;17.12.2024;5,2;4,3;7,2
Bergen - Florida;SN50540;18.12.2024;8,3;18,1;11,4
Bergen - Florida;SN50540;19.12.2024;5,3;37,8;15
Bergen - Florida;SN50540;20.12.2024;3,1;7,7;14,6
Bergen - Florida;SN50540;21.12.2024;6,2;8,9;9,7
Bergen - Florida;SN50540;22.12.2024;5,7;31,7;9,9
Bergen - Florida;SN50540;23.12.2024;2,8;8,8;11,1
Bergen - Florida;SN50540;24.12.2024;5,7;4,2;11
Bergen - Florida;SN50540;25.12.2024;10,3;26,6;10,8
Bergen - Florida;SN50540;26.12.2024;8;8,7;11
Bergen - Florida;SN50540;27.12.2024;6,6;12,3;5,7
Bergen - Florida;SN50540;28.12.2024;7,7;20,5;6,9
Bergen - Florida;SN50540;29.12.2024;5,6;43,9;8,1
Bergen - Florida;SN50540;30.12.2024;0,8;9,6;6
Bergen - Florida;SN50540;31.12.2024;-0,3;2,6;13,5
Bergen - Florida;SN50540;01.01.2025;-1,9;5,7;8,4
Bergen - Florida;SN50540;02.01.2025;-3,1;1,9;10,2
Bergen - Florida;SN50540;03.01.2025;-4,1;11,7;11,3
Bergen - Florida;SN50540;04.01.2025;-3,3;17;4,9
Bergen - Florida;SN50540;05.01.2025;-4,5;2,7;2,7
Bergen - Florida;SN50540;06.01.2025;1,7;6,7;13,2
Bergen - Florida;SN50540;07.01.2025;1,7;1,6;14,7
Bergen - Florida;SN50540;08.01.2025;-3,9;0;2,4
Bergen - Florida;SN50540;09.01.2025;-2,7;0;3,1
Bergen - Florida;SN50540;10.01.2025;-3,9;0;3,7
Bergen - Florida;SN50540;11.01.2025;-4,8;0;4,2
Bergen - Florida;SN50540;12.01.2025;-1,1;0;5,9
Bergen - Florida;SN50540;13.01.2025;5,5;0,6;10
Bergen - Florida;SN50540;14.01.2025;7,8;63,5;7,4
Bergen - Florida;SN50540;15.01.2025;8;12,9;10
Bergen - Florida;SN50540;16.01.2025;8,2;7,5;8,9
Bergen - Florida;SN50540;17.01.2025;7,8;4,4;12,4
Bergen - Florida;SN50540;18.01.2025;6,9;6,8;9,4
Bergen - Florida;SN50540;19.01.2025;3,9;0,4;8,5
Bergen - Florida;SN50540;20.01.2025;4,4;0;5
Bergen - Florida;SN50540;21.01.2025;3,3;0,2;3,5
Bergen - Florida;SN50540;22.01.2025;1,5;2,7;2,7
Bergen - Florida;SN50540;23.01.2025;-0,6;0;2,2
Bergen - Florida;SN50540;24.01.2025;4,6;0,6;14
Bergen - Florida;SN50540;25.01.2025;6,1;26,5;12,5
Bergen - Florida;SN50540;26.01.2025;4,2;14,9;12,6
Bergen - Florida;SN50540;27.01.2025;5,5;15,9;11,9
Bergen - Florida;SN50540;28.01.2025;6,3;0,5;9,4
Bergen - Florida;SN50540;29.01.2025;3,2;0;2,6
Bergen - Florida;SN50540;30.01.2025;3,6;0;3,9
Bergen - Florida;SN50540;31.01.2025;1,9;0,2;2,6
Bergen - Florida;SN50540;01.02.2025;3,3;0;6
Bergen - Florida;SN50540;02.02.2025;5,2;0;7,5
Bergen - Florida;SN50540;03.02.2025;5,5;1;8,8
Bergen - Florida;SN50540;04.02.2025;7,1;8;11,7
Bergen - Florida;SN50540;05.02.2025;4,8;36,1;8,2
Bergen - Florida;SN50540;06.02.2025;5,1;5,6;6
Bergen - Florida;SN50540;07.02.2025;1,4;0;3,9
Bergen - Florida;SN50540;08.02.2025;1,9;0;10
Bergen - Florida;SN50540;09.02.2025;0;0;4,9
Bergen - Florida;SN50540;10.02.2025;-0,7;0;4,7
Bergen - Florida;SN50540;11.02.2025;0,3;0;2,1
Bergen - Florida;SN50540;12.02.2025;-0,7;0;1,8
Bergen - Florida;SN50540;13.02.2025;-0,8;0;3,7
Bergen - Florida;SN50540;14.02.2025;1;0;4
Bergen - Florida;SN50540;15.02.2025;-0,8;7;7,1
Bergen - Florida;SN50540;16.02.2025;-4;0;3,7
Bergen - Florida;SN50540;17.02.2025;-2,7;0;2,7
Bergen - Florida;SN50540;18.02.2025;-2,8;0;2,4
Bergen - Florida;SN50540;19.02.2025;1,8;0;7,5
Bergen - Florida;SN50540;20.02.2025;6;0;12,1
Bergen - Florida;SN50540;21.02.2025;9,7;13,1;-
Bergen - Florida;SN50540;22.02.2025;8,7;15,5;-
Bergen - Florida;SN50540;23.02.2025;8,5;12;-
Bergen - Florida;SN50540;24.02.2025;7,9;20,2;-
Bergen - Florida;SN50540;25.02.2025;6,7;3,9;-
Bergen - Florida;SN50540;26.02.2025;5,4;29,7;-
Bergen - Florida;SN50540;27.02.2025;4,3;19,6;-
Bergen - Florida;SN50540;28.02.2025;4,9;8,4;-
Bergen - Florida;SN50540;01.03.2025;6,3;3,1;-
Bergen - Florida;SN50540;02.03.2025;6,9;6,2;-
Bergen - Florida;SN50540;03.03.2025;7,2;22,4;-
Bergen - Florida;SN50540;04.03.2025;7,4;13,9;-
Bergen - Florida;SN50540;05.03.2025;8;50,2;-
Bergen - Florida;SN50540;06.03.2025;8,4;43,7;-
Bergen - Florida;SN50540;07.03.2025;7,9;5,3;-
Bergen - Florida;SN50540;08.03.2025;5,4;3,9;-
Bergen - Florida;SN50540;09.03.2025;8,3;11,4;-
Bergen - Florida;SN50540;10.03.2025;4,9;1,7;-
Bergen - Florida;SN50540;11.03.2025;3,6;0,5;-
Bergen - Florida;SN50540;12.03.2025;3,4;0;-
Bergen - Florida;SN50540;13.03.2025;1,9;0;-
Bergen - Florida;SN50540;14.03.2025;2,3;0;-
Bergen - Florida;SN50540;15.03.2025;3,5;0;6,5
Bergen - Florida;SN50540;16.03.2025;3,9;11,8;8,9
Bergen - Florida;SN50540;17.03.2025;2,2;0;6,2
Bergen - Florida;SN50540;18.03.2025;4,5;1,1;4,3
Bergen - Florida;SN50540;19.03.2025;4,8;2;4,7
Bergen - Florida;SN50540;20.03.2025;5;0;6,4
Bergen - Florida;SN50540;21.03.2025;6,2;0;7,6
Bergen - Florida;SN50540;22.03.2025;9,7;0;12,2
Bergen - Florida;SN50540;23.03.2025;10,1;0;11,9
Bergen - Florida;SN50540;24.03.2025;6,9;0;8,5
Bergen - Florida;SN50540;25.03.2025;6,5;42,9;7,1
Bergen - Florida;SN50540;26.03.2025;6,6;2,3;5,4
Bergen - Florida;SN50540;27.03.2025;7,6;18;10,8
Bergen - Florida;SN50540;28.03.2025;8;27,5;9,6
Bergen - Florida;SN50540;29.03.2025;5,8;6,9;9,6
Bergen - Florida;SN50540;30.03.2025;7,3;15,2;9,5
Bergen - Florida;SN50540;31.03.2025;5,4;0;6,8
Bergen - Florida;SN50540;01.04.2025;10,5;0,6;6,8
Bergen - Florida;SN50540;02.04.2025;10,3;0;5,3
Bergen - Florida;SN50540;03.04.2025;8,6;0;5,4
Bergen - Florida;SN50540;04.04.2025;7,8;0;7,8
Bergen - Florida;SN50540;05.04.2025;7;0;7,8
Bergen - Florida;SN50540;06.04.2025;6,6;0;5,4
Bergen - Florida;SN50540;07.04.2025;7;0;4,5
Bergen - Florida;SN50540;08.04.2025;6,7;0;6,1
Bergen - Florida;SN50540;09.04.2025;8,4;0,1;8,5
Bergen - Florida;SN50540;10.04.2025;5,5;0;6,9
Bergen - Florida;SN50540;11.04.2025;8,7;19,8;4,5
Bergen - Florida;SN50540;12.04.2025;10;13,7;7,4
Bergen - Florida;SN50540;13.04.2025;11,4;0;10
Bergen - Florida;SN50540;14.04.2025;8,7;17,4;8,7
Bergen - Florida;SN50540;15.04.2025;12,4;0;8,9
Bergen - Florida;SN50540;16.04.2025;13;4,9;10,2
Bergen - Florida;SN50540;17.04.2025;10,1;5,8;8,2
Bergen - Florida;SN50540;18.04.2025;8,3;2,5;6,8
Bergen - Florida;SN50540;19.04.2025;9,7;2,1;6,4
Bergen - Florida;SN50540;20.04.2025;10,9;0,1;4,3
Bergen - Florida;SN50540;21.04.2025;10,2;0;3,8
Bergen - Florida;SN50540;22.04.2025;9,9;1,1;4
Bergen - Florida;SN50540;23.04.2025;10,8;0,3;4,4
Bergen - Florida;SN50540;24.04.2025;8,5;0,3;7
Bergen - Florida;SN50540;25.04.2025;7,8;0;9,7
Bergen - Florida;SN50540;26.04.2025;9,2;0;6,3
Bergen - Florida;SN50540;27.04.2025;9,1;0;8,8
Bergen - Florida;SN50540;28.04.2025;10,3;41,1;8,2
Bergen - Florida;SN50540;29.04.2025;9,5;8,7;8,2
Bergen - Florida;SN50540;30.04.2025;10,3;7,4;4,8
Bergen - Florida;SN50540;01.05.2025;10,8;0;9,3
Bergen - Florida;SN50540;02.05.2025;8,7;14,6;7,5
Bergen - Florida;SN50540;03.05.2025;8,4;14,8;11,7
Bergen - Florida;SN50540;04.05.2025;8,6;1,4;10
Bergen - Florida;SN50540;05.05.2025;6,8;0;8,5
Bergen - Florida;SN50540;06.05.2025;8;3;7,8
Bergen - Florida;SN50540;07.05.2025;10;0;5,7
Bergen - Florida;SN50540;08.05.2025;12,3;0;5,6
Bergen - Florida;SN50540;09.05.2025;11,5;0;5,5
Bergen - Florida;SN50540;10.05.2025;13,3;0;5,5
Bergen - Florida;SN50540;11.05.2025;13;0;6,8
Bergen - Florida;SN50540;12.05.2025;13,4;0;5,2
Bergen - Florida;SN50540;13.05.2025;12,3;0;8
Bergen - Florida;SN50540;14.05.2025;10,9;0;12
Bergen - Florida;SN50540;15.05.2025;12,9;0;8
Bergen - Florida;SN50540;16.05.2025;16,6;0;7,5
Bergen - Florida;SN50540;17.05.2025;17,2;0;8,3
Bergen - Florida;SN50540;18.05.2025;16,3;0;7,2
Bergen - Florida;SN50540;19.05.2025;17,3;0;5,8
Bergen - Florida;SN50540;20.05.2025;15,3;0;10,5
Bergen - Florida;SN50540;21.05.2025;10,5;0;12,2
Bergen - Florida;SN50540;22.05.2025;10,6;0;10,7
Bergen - Florida;SN50540;23.05.2025;12,2;0;8,4
Bergen - Florida;SN50540;24.05.2025;9,6;0;6,6
Bergen - Florida;SN50540;25.05.2025;12,5;0,2;10,8
Bergen - Florida;SN50540;26.05.2025;9,6;21,4;8,6
Bergen - Florida;SN50540;27.05.2025;10,3;16,6;10,7
Bergen - Florida;SN50540;28.05.2025;11,4;9,7;7,4
Bergen - Florida;SN50540;29.05.2025;11,1;3,3;7,3
Bergen - Florida;SN50540;30.05.2025;11;14,6;9,1
Bergen - Florida;SN50540;31.05.2025;11,7;0;5,5
Bergen - Florida;SN50540;01.06.2025;12,3;15,8;9,1
Bergen - Florida;SN50540;02.06.2025;10,3;11,6;7,9
Bergen - Florida;SN50540;03.06.2025;11,7;3,6;16
Bergen - Florida;SN50540;04.06.2025;11,7;6,8;13
Bergen - Florida;SN50540;05.06.2025;11,1;0,7;11,1
Bergen - Florida;SN50540;06.06.2025;11,9;0,4;6,3
Bergen - Florida;SN50540;07.06.2025;11,7;0;4,8
Bergen - Florida;SN50540;08.06.2025;10,5;0,2;6,9
Bergen - Florida;SN50540;09.06.2025;10,7;7,3;4,7
Bergen - Florida;SN50540;10.06.2025;11,6;1;5,9
Bergen - Florida;SN50540;11.06.2025;12,1;4,4;6,1
Bergen - Florida;SN50540;12.06.2025;15,2;0,1;5,5
Bergen - Florida;SN50540;13.06.2025;18,2;0;10,4
Bergen - Florida;SN50540;14.06.2025;19,8;0;4,8
Bergen - Florida;SN50540;15.06.2025;16,2;0,7;7,6
Bergen - Florida;SN50540;16.06.2025;12,2;6,9;6,4
Bergen - Florida;SN50540;17.06.2025;12,6;17,6;6,8
Bergen - Florida;SN50540;18.06.2025;11,1;22,9;8
Bergen - Florida;SN50540;19.06.2025;12,7;16;6,1
Bergen - Florida;SN50540;20.06.2025;13,2;1,8;9,2
Bergen - Florida;SN50540;21.06.2025;14,8;2,6;7,7
Bergen - Florida;SN50540;22.06.2025;17;0,3;13,1
Bergen - Florida;SN50540;23.06.2025;13;4,3;10
Bergen - Florida;SN50540;24.06.2025;12,1;15;5,6
Bergen - Florida;SN50540;25.06.2025;13,6;5,6;4,7
Bergen - Florida;SN50540;26.06.2025;14,9;0;8,3
Bergen - Florida;SN50540;27.06.2025;14;17,6;6,7
Bergen - Florida;SN50540;28.06.2025;15;13,3;8,2
Bergen - Florida;SN50540;29.06.2025;13,2;4,5;9
Bergen - Florida;SN50540;30.06.2025;14,9;5,1;10,1
Bergen - Florida;SN50540;01.07.2025;13,5;8,3;10,9
Bergen - Florida;SN50540;02.07.2025;14,5;5;7,2
Bergen - Florida;SN50540;03.07.2025;13,5;0;7,8
Bergen - Florida;SN50540;04.07.2025;13,2;0,3;7,5
Bergen - Florida;SN50540;05.07.2025;13,6;20,2;6,1
Bergen - Florida;SN50540;06.07.2025;14,9;22,5;5,5
Bergen - Florida;SN50540;07.07.2025;15,3;0,2;4,4
Bergen - Florida;SN50540;08.07.2025;17,2;4,2;5,2
Bergen - Florida;SN50540;09.07.2025;15,8;0;4,7
Bergen - Florida;SN50540;10.07.2025;16,3;0;5,1
Bergen - Florida;SN50540;11.07.2025;19,6;0;6,7
Bergen - Florida;SN50540;12.07.2025;22,9;0;5,2
Bergen - Florida;SN50540;13.07.2025;23,4;0;5,1
Bergen - Florida;SN50540;14.07.2025;20,6;0;6,6
Bergen - Florida;SN50540;15.07.2025;20,9;2,4;5,2
Bergen - Florida;SN50540;16.07.2025;21,8;4,2;11,7
Bergen - Florida;SN50540;17.07.2025;22,5;15,7;5
Bergen - Florida;SN50540;18.07.2025;22,4;0;5,4
Bergen - Florida;SN50540;19.07.2025;22,7;0;5,3
Bergen - Florida;SN50540;20.07.2025;24,3;0;5
Bergen - Florida;SN50540;21.07.2025;23,9;0;9,2
Bergen - Florida;SN50540;22.07.2025;21,2;0;5,4
Bergen - Florida;SN50540;23.07.2025;22,6;0,4;5,4
Bergen - Florida;SN50540;24.07.2025;20;1,5;6,7
Bergen - Florida;SN50540;25.07.2025;17,9;0;5,1
Bergen - Florida;SN50540;26.07.2025;16,8;4,2;6
Bergen - Florida;SN50540;27.07.2025;17,6;0;5,3
Bergen - Florida;SN50540;28.07.2025;16,8;8,8;6,1
Bergen - Florida;SN50540;29.07.2025;18,8;0,1;8,6
Bergen - Florida;SN50540;30.07.2025;20,1;0;7,7
Bergen - Florida;SN50540;31.07.2025;20;1,1;5,3
Bergen - Florida;SN50540;01.08.2025;17,9;0;7
Bergen - Florida;SN50540;02.08.2025;18,8;0;7,4
Bergen - Florida;SN50540;03.08.2025;15,3;0,1;4,5
Bergen - Florida;SN50540;04.08.2025;15,4;8,7;10,7
Bergen - Florida;SN50540;05.08.2025;13,3;31,8;13,1
Bergen - Florida;SN50540;06.08.2025;13,6;39,5;8,6
Bergen - Florida;SN50540;07.08.2025;14,4;17,3;9,4
Bergen - Florida;SN50540;08.08.2025;14,8;7,5;11
Bergen - Florida;SN50540;09.08.2025;14,7;9,4;12,8
Bergen - Florida;SN50540;10.08.2025;14;5,9;9,9
Bergen - Florida;SN50540;11.08.2025;13,1;5,6;8
Bergen - Florida;SN50540;12.08.2025;12,5;9,4;9,4
Bergen - Florida;SN50540;13.08.2025;18,7;8,7;7
Bergen - Florida;SN50540;14.08.2025;20,3;0;9,1
Bergen - Florida;SN50540;15.08.2025;15,3;7,2;8,3
Bergen - Florida;SN50540;16.08.2025;13,9;0,9;7,3
Bergen - Florida;SN50540;17.08.2025;16,7;0;6,7
Bergen - Florida;SN50540;18.08.2025;14,4;0,2;5,9
Bergen - Florida;SN50540;19.08.2025;15,7;0;8,4
Bergen - Florida;SN50540;20.08.2025;13,1;0,1;8
Bergen - Florida;SN50540;21.08.2025;12,7;0;9,7
Bergen - Florida;SN50540;22.08.2025;11,8;1;8,2
Bergen - Florida;SN50540;23.08.2025;12,4;1,2;8,8
Bergen - Florida;SN50540;24.08.2025;12,8;0;8,4
Bergen - Florida;SN50540;25.08.2025;12,5;0;4,7
Bergen - Florida;SN50540;26.08.2025;15,6;0;6,3
Bergen - Florida;SN50540;27.08.2025;17,2;0,7;6,3
Bergen - Florida;SN50540;28.08.2025;17,3;0,9;6,7
Bergen - Florida;SN50540;29.08.2025;16;3,3;4,2
Bergen - Florida;SN50540;30.08.2025;17,8;4,6;7,7
Bergen - Florida;SN50540;31.08.2025;17,1;1,1;9,9
Bergen - Florida;SN50540;01.09.2025;16,3;1,9;9,2
Bergen - Florida;SN50540;02.09.2025;16;6,2;9,5
Bergen - Florida;SN50540;03.09.2025;16,3;22,4;8,7
Bergen - Florida;SN50540;04.09.2025;15,7;13,6;12,2
Bergen - Florida;SN50540;05.09.2025;14,9;17,7;6
Bergen - Florida;SN50540;06.09.2025;14,1;6;4,3
Bergen - Florida;SN50540;07.09.2025;14,8;0,2;4,8
Bergen - Florida;SN50540;08.09.2025;16,2;1,3;8,3
Bergen - Florida;SN50540;09.09.2025;14,8;6,8;6,1
Bergen - Florida;SN50540;10.09.2025;16,2;13;7,9
Bergen - Florida;SN50540;11.09.2025;15,7;10,1;8,4
Bergen - Florida;SN50540;12.09.2025;13,6;2,3;8,4
Bergen - Florida;SN50540;13.09.2025;13,2;5,9;9,9
Bergen - Florida;SN50540;14.09.2025;13,5;3,5;4,6
Bergen - Florida;SN50540;15.09.2025;12,5;1,1;9,1
Bergen - Florida;SN50540;16.09.2025;12,2;2,2;3,5
Bergen - Florida;SN50540;17.09.2025;12,9;4,3;5
Bergen - Florida;SN50540;18.09.2025;13,6;2,9;8,9
Bergen - Florida;SN50540;19.09.2025;13,8;36,4;7
Bergen - Florida;SN50540;20.09.2025;13,1;9,3;9,1
Bergen - Florida;SN50540;21.09.2025;9,4;6,5;12,3
Bergen - Florida;SN50540;22.09.2025;7,7;14,8;9,5
Bergen - Florida;SN50540;23.09.2025;8;3;5,4
Bergen - Florida;SN50540;24.09.2025;8,7;0;3,2
Bergen - Florida;SN50540;25.09.2025;9,7;1;5,6
Bergen - Florida;SN50540;26.09.2025;10,9;0;6,4
Bergen - Florida;SN50540;27.09.2025;11,5;0;3,5
Bergen - Florida;SN50540;28.09.2025;11,7;0;3,8
Bergen - Florida;SN50540;29.09.2025;12,2;11,9;7,4
Bergen - Florida;SN50540;30.09.2025;12,9;2,3;7,5
Bergen - Florida;SN50540;01.10.2025;13,1;0;10,5
Bergen - Florida;SN50540;02.10.2025;12,2;0,6;11,5
Bergen - Florida;SN50540;03.10.2025;14,8;4,9;16,4
Bergen - Florida;SN50540;04.10.2025;10,7;23,1;23,4
Bergen - Florida;SN50540;05.10.2025;12;40,6;13,2
Bergen - Florida;SN50540;06.10.2025;10,6;2;8,3
Bergen - Florida;SN50540;07.10.2025;12,1;19,4;8,6
Bergen - Florida;SN50540;08.10.2025;11,3;24,1;5,1
Bergen - Florida;SN50540;09.10.2025;10,7;17,9;8,3
Bergen - Florida;SN50540;10.10.2025;11,1;22,9;8
Bergen - Florida;SN50540;11.10.2025;11,6;17,8;6,2
Bergen - Florida;SN50540;12.10.2025;11,3;4,1;4,6
Bergen - Florida;SN50540;13.10.2025;10,2;0;3,8
Bergen - Florida;SN50540;14.10.2025;11;2,4;4,6
Bergen - Florida;SN50540;15.10.2025;10,3;5;4,7
Bergen - Florida;SN50540;16.10.2025;9,2;6,5;8,4
Bergen - Florida;SN50540;17.10.2025;6,1;1,3;5,4
Bergen - Florida;SN50540;18.10.2025;5,6;0,1;5,3
Bergen - Florida;SN50540;19.10.2025;9,1;1,8;6,7
Bergen - Florida;SN50540;20.10.2025;8,6;0,5;5,4
Bergen - Florida;SN50540;21.10.2025;10,3;4,5;3,9
Bergen - Florida;SN50540;22.10.2025;10,8;2;5,7
Bergen - Florida;SN50540;23.10.2025;8,3;7,9;2,9
Bergen - Florida;SN50540;24.10.2025;11,8;9,6;10,9
Bergen - Florida;SN50540;25.10.2025;9,2;3;7,7
Bergen - Florida;SN50540;26.10.2025;8,7;1,4;4,4
Bergen - Florida;SN50540;27.10.2025;8;2,4;9,3
Bergen - Florida;SN50540;28.10.2025;5,5;0;4,8
Bergen - Florida;SN50540;29.10.2025;4,6;0;5,8
Bergen - Florida;SN50540;30.10.2025;5,3;6,1;4,3
Bergen - Florida;SN50540;31.10.2025;7,9;0;9,9
Bergen - Florida;SN50540;01.11.2025;12,3;0,5;14,2
Bergen - Florida;SN50540;02.11.2025;8,5;37,6;9,4
Bergen - Florida;SN50540;03.11.2025;9,9;21,7;10,7
Bergen - Florida;SN50540;04.11.2025;12,5;27,4;9,4
Bergen - Florida;SN50540;05.11.2025;11,8;7,2;6,5
Bergen - Florida;SN50540;06.11.2025;12,9;16,6;4,9
Bergen - Florida;SN50540;07.11.2025;12;2,8;5,2
Bergen - Florida;SN50540;08.11.2025;11,5;0;5,3
Bergen - Florida;SN50540;09.11.2025;10,9;1,1;4,8
Bergen - Florida;SN50540;10.11.2025;10,8;2,3;6,3
Bergen - Florida;SN50540;11.11.2025;10,9;0,1;10,8
Bergen - Florida;SN50540;12.11.2025;10,7;27,4;11,1
Bergen - Florida;SN50540;13.11.2025;5,1;34,3;7,5
Bergen - Florida;SN50540;14.11.2025;1,6;0;5,3
Bergen - Florida;SN50540;15.11.2025;1;0;4,9
Bergen - Florida;SN50540;16.11.2025;3,3;13,6;7,9
Bergen - Florida;SN50540;17.11.2025;2,2;8,5;8,6
Bergen - Florida;SN50540;18.11.2025;0,4;5,8;5
Bergen - Florida;SN50540;19.11.2025;-2,5;0,6;3,6
Bergen - Florida;SN50540;20.11.2025;-3,9;0;2,7
Bergen - Florida;SN50540;21.11.2025;-1,1;0;7,4
Bergen - Florida;SN50540;22.11.2025;4,7;28,4;8,5
Bergen - Florida;SN50540;23.11.2025;3,5;18,5;4,6
Bergen - Florida;SN50540;24.11.2025;1,8;1,3;2,9
Bergen - Florida;SN50540;25.11.2025;-0,9;3,1;2,3
Bergen - Florida;SN50540;26.11.2025;2,9;0;8,6
Bergen - Florida;SN50540;27.11.2025;8;22,7;10,8
Bergen - Florida;SN50540;28.11.2025;9,9;18,5;11,3
Bergen - Florida;SN50540;29.11.2025;4,9;20,2;11,1
Bergen - Florida;SN50540;30.11.2025;3,6;1,6;7,9
Bergen - Florida;SN50540;01.12.2025;5,8;3,2;12,1
Bergen - Florida;SN50540;02.12.2025;9,5;22,5;12,6
Bergen - Florida;SN50540;03.12.2025;8,6;22,9;9,5
Bergen - Florida;SN50540;04.12.2025;7,5;2,5;8,1
Bergen - Florida;SN50540;05.12.2025;5,3;0,2;4,2
Bergen - Florida;SN50540;06.12.2025;7,1;0;10,3
Bergen - Florida;SN50540;07.12.2025;4,2;0;3,6
Bergen - Florida;SN50540;08.12.2025;7,9;0,1;10,6
Bergen - Florida;SN50540;09.12.2025;6,4;2,7;3,7
Bergen - Florida;SN50540;10.12.2025;9,9;12,7;10,6
Bergen - Florida;SN50540;11.12.2025;10,1;17,7;9,2
Bergen - Florida;SN50540;12.12.2025;9,6;15,1;8,8
Bergen - Florida;SN50540;13.12.2025;8;25,1;6,7
Bergen - Florida;SN50540;14.12.2025;9,9;48,8;9
Bergen - Florida;SN50540;15.12.2025;8,7;48,9;10,2
Bergen - Florida;SN50540;16.12.2025;7,9;3,5;6
Bergen - Florida;SN50540;17.12.2025;7,1;0;10,3
Bergen - Florida;SN50540;18.12.2025;8,6;15,6;13
Bergen - Florida;SN50540;19.12.2025;8,6;27,2;14,4
Bergen - Florida;SN50540;20.12.2025;6,4;22,1;6,5
Bergen - Florida;SN50540;21.12.2025;1,9;0,1;2,8
Bergen - Florida;SN50540;22.12.2025;-0,3;0;1,5
Bergen - Florida;SN50540;23.12.2025;1,9;0;1,8
Bergen - Florida;SN50540;24.12.2025;3,8;0;3,7
Bergen - Florida;SN50540;25.12.2025;4;0;4,4
Bergen - Florida;SN50540;26.12.2025;1,9;0;4,1
Bergen - Florida;SN50540;27.12.2025;4;0,9;11
Bergen - Florida;SN50540;28.12.2025;2;0;4,8
Bergen - Florida;SN50540;29.12.2025;1,8;2,8;9,5
Bergen - Florida;SN50540;30.12.2025;-0,8;0;5
Bergen - Florida;SN50540;31.12.2025;2,3;8,9;8,1
Bergen - Florida;SN50540;25.06.2023;-;0;4,8